accepted_fraction,accepted_fraction_terminal,avg_latency_sec,avg_reward,avg_tokens_per_sec,backend,controller_consume_delay_sec,dataset,decoupled_objective,device,dropped_fraction,dropped_fraction_terminal,dropped_interrupted_count,dropped_stale_count,effective_updates_per_second,epochs,final_policy_version,generation_chunk_size,grad_clip,grpo_epsilon,grpo_group_size,grpo_kl_coef,hf_attn_impl,hf_chat_template,hf_dtype,hf_model_id,interrupt_check_interval_sec,interrupt_count_total,interrupted_samples_count,learner_delay_sec,lr,max_interrupt_retries,max_new_tokens,max_staleness,mean_staleness,mode,num_accepted,num_dropped,num_rollout_workers,num_terminal_seen,num_total_seen,num_trainer_workers,pass_rate,pass_rate_per_update,producer_delay_sec,queue_maxsize,queue_trace_interval_sec,replay_dispatch_delay_sec,resumed,return_code,reward_per_second,reward_per_update,reward_timeout_sec,rollout_chunk_delay_sec,rollout_devices,run_dir,run_name,seed,setup_wall_clock_sec,staleness_k,temperature,top_p,total_wall_clock_sec,train_buffer_size,trainer_devices,update_batch_size,update_count,wall_clock_sec,weight_decay
0.8020833333333334,,0.0002580648892885679,0.05194805194805195,35.96418604736956,hf_trainable,,data/gsm8k_train.jsonl,0,auto,0.19791666666666666,,,19,0.075776723456807,1,20,,1.0,0.2,0,0.02,eager,1,float32,Qwen/Qwen2.5-0.5B-Instruct,,,,0.0,5e-06,,96,0,0.0,async_train,77,19,,,96,,0.05194805194805195,0.2,0.0,256,0.1,,True,0,0.0151553446913614,0.2,2.0,,,results/experiments/final_report_8h_interactive_20260421_195453/gsm8k/async/001__mode-async_train__k-0__seed-0__ub-4__q-256__ep-1__b-hf_trainable__lr-5e-06__nr-na__nt-na__pdelay-0.0__ldelay-0.0__dec-0,001__mode-async_train__k-0__seed-0__ub-4__q-256__ep-1__b-hf_trainable__lr-5e-06__nr-na__nt-na__pdelay-0.0__ldelay-0.0__dec-0,0,,0,0.9,0.95,,77,,4,20,263.93329095840454,0.0
0.8020833333333334,,0.00025194031851632256,0.0,35.11170120464662,hf_trainable,,data/gsm8k_train.jsonl,1,auto,0.19791666666666666,,,19,0.07373320249667983,1,20,,1.0,0.2,0,0.02,eager,1,float32,Qwen/Qwen2.5-0.5B-Instruct,,,,0.0,5e-06,,96,0,0.0,async_train,77,19,,,96,,0.0,0.0,0.0,256,0.1,,True,0,0.0,0.0,2.0,,,results/experiments/final_report_8h_interactive_20260421_195453/gsm8k/async/002__mode-async_train__k-0__seed-0__ub-4__q-256__ep-1__b-hf_trainable__lr-5e-06__nr-na__nt-na__pdelay-0.0__ldelay-0.0__dec-1,002__mode-async_train__k-0__seed-0__ub-4__q-256__ep-1__b-hf_trainable__lr-5e-06__nr-na__nt-na__pdelay-0.0__ldelay-0.0__dec-1,0,,0,0.9,0.95,,77,,4,20,271.24822092056274,0.0
0.8020833333333334,,0.0002479212624686105,0.05194805194805195,35.0672043135264,hf_trainable,,data/gsm8k_train.jsonl,0,auto,0.19791666666666666,,,19,0.07710327236147067,1,20,,1.0,0.2,0,0.02,eager,1,float32,Qwen/Qwen2.5-0.5B-Instruct,,,,0.0,5e-06,,96,0,0.0,async_train,77,19,,,96,,0.05194805194805195,0.2,0.0,256,0.1,,True,0,0.015420654472294135,0.2,2.0,,,results/experiments/final_report_8h_interactive_20260421_195453/gsm8k/async/003__mode-async_train__k-0__seed-1__ub-4__q-256__ep-1__b-hf_trainable__lr-5e-06__nr-na__nt-na__pdelay-0.0__ldelay-0.0__dec-0,003__mode-async_train__k-0__seed-1__ub-4__q-256__ep-1__b-hf_trainable__lr-5e-06__nr-na__nt-na__pdelay-0.0__ldelay-0.0__dec-0,1,,0,0.9,0.95,,77,,4,20,259.39236283302307,0.0
0.8020833333333334,,0.00024117742265973772,0.012987012987012988,34.871115598053,hf_trainable,,data/gsm8k_train.jsonl,1,auto,0.19791666666666666,,,19,0.07352993382466538,1,20,,1.0,0.2,0,0.02,eager,1,float32,Qwen/Qwen2.5-0.5B-Instruct,,,,0.0,5e-06,,96,0,0.0,async_train,77,19,,,96,,0.012987012987012988,0.05,0.0,256,0.1,,True,0,0.0036764966912332694,0.05,2.0,,,results/experiments/final_report_8h_interactive_20260421_195453/gsm8k/async/004__mode-async_train__k-0__seed-1__ub-4__q-256__ep-1__b-hf_trainable__lr-5e-06__nr-na__nt-na__pdelay-0.0__ldelay-0.0__dec-1,004__mode-async_train__k-0__seed-1__ub-4__q-256__ep-1__b-hf_trainable__lr-5e-06__nr-na__nt-na__pdelay-0.0__ldelay-0.0__dec-1,1,,0,0.9,0.95,,77,,4,20,271.9980688095093,0.0
1.0,,0.00025754918654759723,0.0625,34.65888876326584,hf_trainable,,data/gsm8k_train.jsonl,0,auto,0.0,,,0,0.09931117024603113,1,24,,1.0,0.2,0,0.02,eager,1,float32,Qwen/Qwen2.5-0.5B-Instruct,,,,0.0,5e-06,,96,1,0.23958333333333334,async_train,96,0,,,96,,0.0625,0.25,0.0,256,0.1,,True,0,0.024827792561507783,0.25,2.0,,,results/experiments/final_report_8h_interactive_20260421_195453/gsm8k/async/005__mode-async_train__k-2__seed-0__ub-4__q-256__ep-1__b-hf_trainable__lr-5e-06__nr-na__nt-na__pdelay-0.0__ldelay-0.0__dec-0,005__mode-async_train__k-2__seed-0__ub-4__q-256__ep-1__b-hf_trainable__lr-5e-06__nr-na__nt-na__pdelay-0.0__ldelay-0.0__dec-0,0,,2,0.9,0.95,,96,,4,24,241.6646580696106,0.0
1.0,,0.0002494653065999349,0.0,35.6288401164392,hf_trainable,,data/gsm8k_train.jsonl,1,auto,0.0,,,0,0.09231697311254307,1,24,,1.0,0.2,0,0.02,eager,1,float32,Qwen/Qwen2.5-0.5B-Instruct,,,,0.0,5e-06,,96,1,0.23958333333333334,async_train,96,0,,,96,,0.0,0.0,0.0,256,0.1,,True,0,0.0,0.0,2.0,,,results/experiments/final_report_8h_interactive_20260421_195453/gsm8k/async/006__mode-async_train__k-2__seed-0__ub-4__q-256__ep-1__b-hf_trainable__lr-5e-06__nr-na__nt-na__pdelay-0.0__ldelay-0.0__dec-1,006__mode-async_train__k-2__seed-0__ub-4__q-256__ep-1__b-hf_trainable__lr-5e-06__nr-na__nt-na__pdelay-0.0__ldelay-0.0__dec-1,0,,2,0.9,0.95,,96,,4,24,259.97386169433594,0.0
1.0,,0.00024482111136118573,0.07291666666666667,34.82909209519271,hf_trainable,,data/gsm8k_train.jsonl,0,auto,0.0,,,0,0.11383723810509305,1,24,,1.0,0.2,0,0.02,eager,1,float32,Qwen/Qwen2.5-0.5B-Instruct,,,,0.0,5e-06,,96,1,0.23958333333333334,async_train,96,0,,,96,,0.07291666666666667,0.2916666666666667,0.0,256,0.1,,True,0,0.033202527780652136,0.2916666666666667,2.0,,,results/experiments/final_report_8h_interactive_20260421_195453/gsm8k/async/007__mode-async_train__k-2__seed-1__ub-4__q-256__ep-1__b-hf_trainable__lr-5e-06__nr-na__nt-na__pdelay-0.0__ldelay-0.0__dec-0,007__mode-async_train__k-2__seed-1__ub-4__q-256__ep-1__b-hf_trainable__lr-5e-06__nr-na__nt-na__pdelay-0.0__ldelay-0.0__dec-0,1,,2,0.9,0.95,,96,,4,24,210.82732152938843,0.0
1.0,,0.00023425370454788208,0.020833333333333332,34.1860672725651,hf_trainable,,data/gsm8k_train.jsonl,1,auto,0.0,,,0,0.0884908267875129,1,24,,1.0,0.2,0,0.02,eager,1,float32,Qwen/Qwen2.5-0.5B-Instruct,,,,0.0,5e-06,,96,1,0.23958333333333334,async_train,96,0,,,96,,0.020833333333333332,0.08333333333333333,0.0,256,0.1,,True,0,0.0073742355656260744,0.08333333333333333,2.0,,,results/experiments/final_report_8h_interactive_20260421_195453/gsm8k/async/008__mode-async_train__k-2__seed-1__ub-4__q-256__ep-1__b-hf_trainable__lr-5e-06__nr-na__nt-na__pdelay-0.0__ldelay-0.0__dec-1,008__mode-async_train__k-2__seed-1__ub-4__q-256__ep-1__b-hf_trainable__lr-5e-06__nr-na__nt-na__pdelay-0.0__ldelay-0.0__dec-1,1,,2,0.9,0.95,,96,,4,24,271.2145526409149,0.0
1.0,,0.00024171173572540283,0.0625,33.849653572064064,hf_trainable,,data/gsm8k_train.jsonl,0,auto,0.0,,,0,0.09698630793467362,1,24,,1.0,0.2,0,0.02,eager,1,float32,Qwen/Qwen2.5-0.5B-Instruct,,,,0.0,5e-06,,96,1,0.23958333333333334,async_train,96,0,,,96,,0.0625,0.25,0.0,256,0.1,,True,0,0.024246576983668406,0.25,2.0,,,results/experiments/final_report_8h_interactive_20260421_195453/gsm8k/async/009__mode-async_train__k-4__seed-0__ub-4__q-256__ep-1__b-hf_trainable__lr-5e-06__nr-na__nt-na__pdelay-0.0__ldelay-0.0__dec-0,009__mode-async_train__k-4__seed-0__ub-4__q-256__ep-1__b-hf_trainable__lr-5e-06__nr-na__nt-na__pdelay-0.0__ldelay-0.0__dec-0,0,,4,0.9,0.95,,96,,4,24,247.45761036872864,0.0
1.0,,0.0002418483297030131,0.0,34.19479356757273,hf_trainable,,data/gsm8k_train.jsonl,1,auto,0.0,,,0,0.08860969109888804,1,24,,1.0,0.2,0,0.02,eager,1,float32,Qwen/Qwen2.5-0.5B-Instruct,,,,0.0,5e-06,,96,1,0.23958333333333334,async_train,96,0,,,96,,0.0,0.0,0.0,256,0.1,,True,0,0.0,0.0,2.0,,,results/experiments/final_report_8h_interactive_20260421_195453/gsm8k/async/010__mode-async_train__k-4__seed-0__ub-4__q-256__ep-1__b-hf_trainable__lr-5e-06__nr-na__nt-na__pdelay-0.0__ldelay-0.0__dec-1,010__mode-async_train__k-4__seed-0__ub-4__q-256__ep-1__b-hf_trainable__lr-5e-06__nr-na__nt-na__pdelay-0.0__ldelay-0.0__dec-1,0,,4,0.9,0.95,,96,,4,24,270.8507354259491,0.0
1.0,,0.0002477020025253296,0.07291666666666667,34.26289558181367,hf_trainable,,data/gsm8k_train.jsonl,0,auto,0.0,,,0,0.11156922129902275,1,24,,1.0,0.2,0,0.02,eager,1,float32,Qwen/Qwen2.5-0.5B-Instruct,,,,0.0,5e-06,,96,1,0.23958333333333334,async_train,96,0,,,96,,0.07291666666666667,0.2916666666666667,0.0,256,0.1,,True,0,0.03254102287888164,0.2916666666666667,2.0,,,results/experiments/final_report_8h_interactive_20260421_195453/gsm8k/async/011__mode-async_train__k-4__seed-1__ub-4__q-256__ep-1__b-hf_trainable__lr-5e-06__nr-na__nt-na__pdelay-0.0__ldelay-0.0__dec-0,011__mode-async_train__k-4__seed-1__ub-4__q-256__ep-1__b-hf_trainable__lr-5e-06__nr-na__nt-na__pdelay-0.0__ldelay-0.0__dec-0,1,,4,0.9,0.95,,96,,4,24,215.11309051513672,0.0
1.0,,0.00025264670451482135,0.020833333333333332,34.85631918747001,hf_trainable,,data/gsm8k_train.jsonl,1,auto,0.0,,,0,0.09015782898243205,1,24,,1.0,0.2,0,0.02,eager,1,float32,Qwen/Qwen2.5-0.5B-Instruct,,,,0.0,5e-06,,96,1,0.23958333333333334,async_train,96,0,,,96,,0.020833333333333332,0.08333333333333333,0.0,256,0.1,,True,0,0.00751315241520267,0.08333333333333333,2.0,,,results/experiments/final_report_8h_interactive_20260421_195453/gsm8k/async/012__mode-async_train__k-4__seed-1__ub-4__q-256__ep-1__b-hf_trainable__lr-5e-06__nr-na__nt-na__pdelay-0.0__ldelay-0.0__dec-1,012__mode-async_train__k-4__seed-1__ub-4__q-256__ep-1__b-hf_trainable__lr-5e-06__nr-na__nt-na__pdelay-0.0__ldelay-0.0__dec-1,1,,4,0.9,0.95,,96,,4,24,266.1998438835144,0.0
1.0,,0.0003012468417485555,0.0625,29.786952719336103,hf_trainable,,data/gsm8k_train.jsonl,0,auto,0.0,,,0,0.08064964212152025,1,24,,1.0,0.2,0,0.02,eager,1,float32,Qwen/Qwen2.5-0.5B-Instruct,,,,0.0,5e-06,,96,1,0.23958333333333334,async_train,96,0,,,96,,0.0625,0.25,0.0,256,0.1,,,0,0.02016241053038006,0.25,2.0,,,results/experiments/final_report_8h_interactive_20260421_195453/gsm8k/async/013__mode-async_train__k-8__seed-0__ub-4__q-256__ep-1__b-hf_trainable__lr-5e-06__nr-na__nt-na__pdelay-0.0__ldelay-0.0__dec-0,013__mode-async_train__k-8__seed-0__ub-4__q-256__ep-1__b-hf_trainable__lr-5e-06__nr-na__nt-na__pdelay-0.0__ldelay-0.0__dec-0,0,,8,0.9,0.95,,96,,4,24,297.5834655761719,0.0
1.0,,0.00027891000111897785,0.0,30.15551253953065,hf_trainable,,data/gsm8k_train.jsonl,1,auto,0.0,,,0,0.07805177075618387,1,24,,1.0,0.2,0,0.02,eager,1,float32,Qwen/Qwen2.5-0.5B-Instruct,,,,0.0,5e-06,,96,1,0.23958333333333334,async_train,96,0,,,96,,0.0,0.0,0.0,256,0.1,,,0,0.0,0.0,2.0,,,results/experiments/final_report_8h_interactive_20260421_195453/gsm8k/async/014__mode-async_train__k-8__seed-0__ub-4__q-256__ep-1__b-hf_trainable__lr-5e-06__nr-na__nt-na__pdelay-0.0__ldelay-0.0__dec-1,014__mode-async_train__k-8__seed-0__ub-4__q-256__ep-1__b-hf_trainable__lr-5e-06__nr-na__nt-na__pdelay-0.0__ldelay-0.0__dec-1,0,,8,0.9,0.95,,96,,4,24,307.48821926116943,0.0
1.0,,0.0002700413266817729,0.07291666666666667,30.005665926198755,hf_trainable,,data/gsm8k_train.jsonl,0,auto,0.0,,,0,0.09738965343444736,1,24,,1.0,0.2,0,0.02,eager,1,float32,Qwen/Qwen2.5-0.5B-Instruct,,,,0.0,5e-06,,96,1,0.23958333333333334,async_train,96,0,,,96,,0.07291666666666667,0.2916666666666667,0.0,256,0.1,,,0,0.028405315585047147,0.2916666666666667,2.0,,,results/experiments/final_report_8h_interactive_20260421_195453/gsm8k/async/015__mode-async_train__k-8__seed-1__ub-4__q-256__ep-1__b-hf_trainable__lr-5e-06__nr-na__nt-na__pdelay-0.0__ldelay-0.0__dec-0,015__mode-async_train__k-8__seed-1__ub-4__q-256__ep-1__b-hf_trainable__lr-5e-06__nr-na__nt-na__pdelay-0.0__ldelay-0.0__dec-0,1,,8,0.9,0.95,,96,,4,24,246.43274879455566,0.0
1.0,,0.00029645363489786786,0.020833333333333332,30.316956844945995,hf_trainable,,data/gsm8k_train.jsonl,1,auto,0.0,,,0,0.07848721744731586,1,24,,1.0,0.2,0,0.02,eager,1,float32,Qwen/Qwen2.5-0.5B-Instruct,,,,0.0,5e-06,,96,1,0.23958333333333334,async_train,96,0,,,96,,0.020833333333333332,0.08333333333333333,0.0,256,0.1,,,0,0.006540601453942988,0.08333333333333333,2.0,,,results/experiments/final_report_8h_interactive_20260421_195453/gsm8k/async/016__mode-async_train__k-8__seed-1__ub-4__q-256__ep-1__b-hf_trainable__lr-5e-06__nr-na__nt-na__pdelay-0.0__ldelay-0.0__dec-1,016__mode-async_train__k-8__seed-1__ub-4__q-256__ep-1__b-hf_trainable__lr-5e-06__nr-na__nt-na__pdelay-0.0__ldelay-0.0__dec-1,1,,8,0.9,0.95,,96,,4,24,305.78227615356445,0.0
0.6695652173913044,0.8020833333333334,,0.09090909090909091,32.447789917589695,hf_trainable,0.0,data/gsm8k_train.jsonl,0,auto,0.16521739130434782,0.19791666666666666,0,19,0.06611812030573744,1,20,1,1.0,0.2,0,0.02,eager,1,float32,Qwen/Qwen2.5-0.5B-Instruct,0.05,19,19,0.0,5e-06,1,96,0,0.0,async_areal_style,77,19,1,96,115,1,0.09090909090909091,0.35,0.0,256,0.1,0.0,,0,0.023141342107008106,0.35,2.0,0.0,cuda:0,results/experiments/final_report_8h_interactive_20260421_195453/gsm8k/async/017__mode-async_areal_style__k-0__seed-0__ub-4__q-256__ep-1__b-hf_trainable__lr-5e-06__nr-1__nt-1__pdelay-0.0__ldelay-0.0__dec-0,017__mode-async_areal_style__k-0__seed-0__ub-4__q-256__ep-1__b-hf_trainable__lr-5e-06__nr-1__nt-1__pdelay-0.0__ldelay-0.0__dec-0,0,14.379544734954834,0,0.9,0.95,316.86848282814026,,cuda:1,4,20,302.4889380931854,0.0
0.6695652173913044,0.8020833333333334,,0.05194805194805195,32.51668673665592,hf_trainable,0.0,data/gsm8k_train.jsonl,1,auto,0.16521739130434782,0.19791666666666666,0,19,0.06725292552332138,1,20,1,1.0,0.2,0,0.02,eager,1,float32,Qwen/Qwen2.5-0.5B-Instruct,0.05,19,19,0.0,5e-06,1,96,0,0.0,async_areal_style,77,19,1,96,115,1,0.05194805194805195,0.2,0.0,256,0.1,0.0,,0,0.013450585104664277,0.2,2.0,0.0,cuda:0,results/experiments/final_report_8h_interactive_20260421_195453/gsm8k/async/018__mode-async_areal_style__k-0__seed-0__ub-4__q-256__ep-1__b-hf_trainable__lr-5e-06__nr-1__nt-1__pdelay-0.0__ldelay-0.0__dec-1,018__mode-async_areal_style__k-0__seed-0__ub-4__q-256__ep-1__b-hf_trainable__lr-5e-06__nr-1__nt-1__pdelay-0.0__ldelay-0.0__dec-1,0,11.981356382369995,0,0.9,0.95,309.3661890029907,,cuda:1,4,20,297.3848326206207,0.0
0.6695652173913044,0.8020833333333334,,0.025974025974025976,32.04702277335261,hf_trainable,0.0,data/gsm8k_train.jsonl,0,auto,0.16521739130434782,0.19791666666666666,0,19,0.0651141178978384,1,20,1,1.0,0.2,0,0.02,eager,1,float32,Qwen/Qwen2.5-0.5B-Instruct,0.05,19,19,0.0,5e-06,1,96,0,0.0,async_areal_style,77,19,1,96,115,1,0.025974025974025976,0.1,0.0,256,0.1,0.0,,0,0.006511411789783841,0.1,2.0,0.0,cuda:0,results/experiments/final_report_8h_interactive_20260421_195453/gsm8k/async/019__mode-async_areal_style__k-0__seed-1__ub-4__q-256__ep-1__b-hf_trainable__lr-5e-06__nr-1__nt-1__pdelay-0.0__ldelay-0.0__dec-0,019__mode-async_areal_style__k-0__seed-1__ub-4__q-256__ep-1__b-hf_trainable__lr-5e-06__nr-1__nt-1__pdelay-0.0__ldelay-0.0__dec-0,1,11.442835807800293,0,0.9,0.95,318.59588718414307,,cuda:1,4,20,307.1530513763428,0.0
0.6695652173913044,0.8020833333333334,,0.0,31.895778025423954,hf_trainable,0.0,data/gsm8k_train.jsonl,1,auto,0.16521739130434782,0.19791666666666666,0,19,0.06466590887949238,1,20,1,1.0,0.2,0,0.02,eager,1,float32,Qwen/Qwen2.5-0.5B-Instruct,0.05,19,19,0.0,5e-06,1,96,0,0.0,async_areal_style,77,19,1,96,115,1,0.0,0.0,0.0,256,0.1,0.0,,0,0.0,0.0,2.0,0.0,cuda:0,results/experiments/final_report_8h_interactive_20260421_195453/gsm8k/async/020__mode-async_areal_style__k-0__seed-1__ub-4__q-256__ep-1__b-hf_trainable__lr-5e-06__nr-1__nt-1__pdelay-0.0__ldelay-0.0__dec-1,020__mode-async_areal_style__k-0__seed-1__ub-4__q-256__ep-1__b-hf_trainable__lr-5e-06__nr-1__nt-1__pdelay-0.0__ldelay-0.0__dec-1,1,11.32526421546936,0,0.9,0.95,320.60723900794983,,cuda:1,4,20,309.28197479248047,0.0
0.8067226890756303,1.0,,0.03125,32.14978604910807,hf_trainable,0.0,data/gsm8k_train.jsonl,0,auto,0.0,0.0,0,0,0.07775470068008032,1,24,1,1.0,0.2,0,0.02,eager,1,float32,Qwen/Qwen2.5-0.5B-Instruct,0.05,23,23,0.0,5e-06,1,96,1,0.23958333333333334,async_areal_style,96,0,1,96,119,1,0.03125,0.125,0.0,256,0.1,0.0,,0,0.00971933758501004,0.125,2.0,0.0,cuda:0,results/experiments/final_report_8h_interactive_20260421_195453/gsm8k/async/021__mode-async_areal_style__k-2__seed-0__ub-4__q-256__ep-1__b-hf_trainable__lr-5e-06__nr-1__nt-1__pdelay-0.0__ldelay-0.0__dec-0,021__mode-async_areal_style__k-2__seed-0__ub-4__q-256__ep-1__b-hf_trainable__lr-5e-06__nr-1__nt-1__pdelay-0.0__ldelay-0.0__dec-0,0,11.544920206069946,2,0.9,0.95,320.20793080329895,,cuda:1,4,24,308.663010597229,0.0
0.8067226890756303,1.0,,0.020833333333333332,31.901004408509497,hf_trainable,0.0,data/gsm8k_train.jsonl,1,auto,0.0,0.0,0,0,0.07714937467968892,1,24,1,1.0,0.2,0,0.02,eager,1,float32,Qwen/Qwen2.5-0.5B-Instruct,0.05,23,23,0.0,5e-06,1,96,1,0.23958333333333334,async_areal_style,96,0,1,96,119,1,0.020833333333333332,0.08333333333333333,0.0,256,0.1,0.0,,0,0.006429114556640744,0.08333333333333333,2.0,0.0,cuda:0,results/experiments/final_report_8h_interactive_20260421_195453/gsm8k/async/022__mode-async_areal_style__k-2__seed-0__ub-4__q-256__ep-1__b-hf_trainable__lr-5e-06__nr-1__nt-1__pdelay-0.0__ldelay-0.0__dec-1,022__mode-async_areal_style__k-2__seed-0__ub-4__q-256__ep-1__b-hf_trainable__lr-5e-06__nr-1__nt-1__pdelay-0.0__ldelay-0.0__dec-1,0,12.008213758468628,2,0.9,0.95,323.0930423736572,,cuda:1,4,24,311.0848286151886,0.0
0.8067226890756303,1.0,,0.041666666666666664,31.976722705335476,hf_trainable,0.0,data/gsm8k_train.jsonl,0,auto,0.0,0.0,0,0,0.07766885591357142,1,24,1,1.0,0.2,0,0.02,eager,1,float32,Qwen/Qwen2.5-0.5B-Instruct,0.05,23,23,0.0,5e-06,1,96,1,0.23958333333333334,async_areal_style,96,0,1,96,119,1,0.041666666666666664,0.16666666666666666,0.0,256,0.1,0.0,,0,0.012944809318928571,0.16666666666666666,2.0,0.0,cuda:0,results/experiments/final_report_8h_interactive_20260421_195453/gsm8k/async/023__mode-async_areal_style__k-2__seed-1__ub-4__q-256__ep-1__b-hf_trainable__lr-5e-06__nr-1__nt-1__pdelay-0.0__ldelay-0.0__dec-0,023__mode-async_areal_style__k-2__seed-1__ub-4__q-256__ep-1__b-hf_trainable__lr-5e-06__nr-1__nt-1__pdelay-0.0__ldelay-0.0__dec-0,1,11.696650505065918,2,0.9,0.95,320.7008159160614,,cuda:1,4,24,309.0041654109955,0.0
0.8067226890756303,1.0,,0.0,31.90742198908144,hf_trainable,0.0,data/gsm8k_train.jsonl,1,auto,0.0,0.0,0,0,0.0771768305128575,1,24,1,1.0,0.2,0,0.02,eager,1,float32,Qwen/Qwen2.5-0.5B-Instruct,0.05,23,23,0.0,5e-06,1,96,1,0.23958333333333334,async_areal_style,96,0,1,96,119,1,0.0,0.0,0.0,256,0.1,0.0,,0,0.0,0.0,2.0,0.0,cuda:0,results/experiments/final_report_8h_interactive_20260421_195453/gsm8k/async/024__mode-async_areal_style__k-2__seed-1__ub-4__q-256__ep-1__b-hf_trainable__lr-5e-06__nr-1__nt-1__pdelay-0.0__ldelay-0.0__dec-1,024__mode-async_areal_style__k-2__seed-1__ub-4__q-256__ep-1__b-hf_trainable__lr-5e-06__nr-1__nt-1__pdelay-0.0__ldelay-0.0__dec-1,1,11.419250965118408,2,0.9,0.95,322.39341044425964,,cuda:1,4,24,310.97415947914124,0.0
0.8067226890756303,1.0,,0.14583333333333334,31.831190287790005,hf_trainable,0.0,data/gsm8k_train.jsonl,0,auto,0.0,0.0,0,0,0.08040114837067504,1,24,1,1.0,0.2,0,0.02,eager,1,float32,Qwen/Qwen2.5-0.5B-Instruct,0.05,23,23,0.0,5e-06,1,96,1,0.23958333333333334,async_areal_style,96,0,1,96,119,1,0.14583333333333334,0.5833333333333334,0.0,256,0.1,0.0,,0,0.04690066988289377,0.5833333333333334,2.0,0.0,cuda:0,results/experiments/final_report_8h_interactive_20260421_195453/gsm8k/async/025__mode-async_areal_style__k-4__seed-0__ub-4__q-256__ep-1__b-hf_trainable__lr-5e-06__nr-1__nt-1__pdelay-0.0__ldelay-0.0__dec-0,025__mode-async_areal_style__k-4__seed-0__ub-4__q-256__ep-1__b-hf_trainable__lr-5e-06__nr-1__nt-1__pdelay-0.0__ldelay-0.0__dec-0,0,11.544978141784668,4,0.9,0.95,310.04817724227905,,cuda:1,4,24,298.5031991004944,0.0
0.8067226890756303,1.0,,0.041666666666666664,31.95044994091735,hf_trainable,0.0,data/gsm8k_train.jsonl,1,auto,0.0,0.0,0,0,0.07734175797267438,1,24,1,1.0,0.2,0,0.02,eager,1,float32,Qwen/Qwen2.5-0.5B-Instruct,0.05,23,23,0.0,5e-06,1,96,1,0.23958333333333334,async_areal_style,96,0,1,96,119,1,0.041666666666666664,0.16666666666666666,0.0,256,0.1,0.0,,0,0.01289029299544573,0.16666666666666666,2.0,0.0,cuda:0,results/experiments/final_report_8h_interactive_20260421_195453/gsm8k/async/026__mode-async_areal_style__k-4__seed-0__ub-4__q-256__ep-1__b-hf_trainable__lr-5e-06__nr-1__nt-1__pdelay-0.0__ldelay-0.0__dec-1,026__mode-async_areal_style__k-4__seed-0__ub-4__q-256__ep-1__b-hf_trainable__lr-5e-06__nr-1__nt-1__pdelay-0.0__ldelay-0.0__dec-1,0,11.52433466911316,4,0.9,0.95,321.83535718917847,,cuda:1,4,24,310.3110225200653,0.0
0.8067226890756303,1.0,,0.041666666666666664,32.4398226184542,hf_trainable,0.0,data/gsm8k_train.jsonl,0,auto,0.0,0.0,0,0,0.07882716943454283,1,24,1,1.0,0.2,0,0.02,eager,1,float32,Qwen/Qwen2.5-0.5B-Instruct,0.05,23,23,0.0,5e-06,1,96,1,0.23958333333333334,async_areal_style,96,0,1,96,119,1,0.041666666666666664,0.16666666666666666,0.0,256,0.1,0.0,,0,0.013137861572423805,0.16666666666666666,2.0,0.0,cuda:0,results/experiments/final_report_8h_interactive_20260421_195453/gsm8k/async/027__mode-async_areal_style__k-4__seed-1__ub-4__q-256__ep-1__b-hf_trainable__lr-5e-06__nr-1__nt-1__pdelay-0.0__ldelay-0.0__dec-0,027__mode-async_areal_style__k-4__seed-1__ub-4__q-256__ep-1__b-hf_trainable__lr-5e-06__nr-1__nt-1__pdelay-0.0__ldelay-0.0__dec-0,1,11.207209587097168,4,0.9,0.95,315.6707615852356,,cuda:1,4,24,304.4635519981384,0.0
0.8067226890756303,1.0,,0.0,32.252397603151074,hf_trainable,0.0,data/gsm8k_train.jsonl,1,auto,0.0,0.0,0,0,0.07802271418591056,1,24,1,1.0,0.2,0,0.02,eager,1,float32,Qwen/Qwen2.5-0.5B-Instruct,0.05,23,23,0.0,5e-06,1,96,1,0.23958333333333334,async_areal_style,96,0,1,96,119,1,0.0,0.0,0.0,256,0.1,0.0,,0,0.0,0.0,2.0,0.0,cuda:0,results/experiments/final_report_8h_interactive_20260421_195453/gsm8k/async/028__mode-async_areal_style__k-4__seed-1__ub-4__q-256__ep-1__b-hf_trainable__lr-5e-06__nr-1__nt-1__pdelay-0.0__ldelay-0.0__dec-1,028__mode-async_areal_style__k-4__seed-1__ub-4__q-256__ep-1__b-hf_trainable__lr-5e-06__nr-1__nt-1__pdelay-0.0__ldelay-0.0__dec-1,1,11.274741888046265,4,0.9,0.95,318.8774733543396,,cuda:1,4,24,307.60273146629333,0.0
0.8135593220338984,1.0,,0.08333333333333333,31.118663362952336,hf_trainable,0.0,data/gsm8k_train.jsonl,0,auto,0.0,0.0,0,0,0.12431092604370532,1,24,1,1.0,0.2,0,0.02,eager,1,float32,Qwen/Qwen2.5-0.5B-Instruct,0.05,22,22,0.0,5e-06,1,96,2,0.23958333333333334,async_areal_style,96,0,1,96,118,1,0.08333333333333333,0.3333333333333333,0.0,256,0.1,0.0,,0,0.04143697534790178,0.3333333333333333,2.0,0.0,cuda:0,results/experiments/final_report_8h_interactive_20260421_195453/gsm8k/async/029__mode-async_areal_style__k-8__seed-0__ub-4__q-256__ep-1__b-hf_trainable__lr-5e-06__nr-1__nt-1__pdelay-0.0__ldelay-0.0__dec-0,029__mode-async_areal_style__k-8__seed-0__ub-4__q-256__ep-1__b-hf_trainable__lr-5e-06__nr-1__nt-1__pdelay-0.0__ldelay-0.0__dec-0,0,11.41418170928955,8,0.9,0.95,204.47846627235413,,cuda:1,4,24,193.06428456306458,0.0
0.8067226890756303,1.0,,0.020833333333333332,31.792496486431165,hf_trainable,0.0,data/gsm8k_train.jsonl,1,auto,0.0,0.0,0,0,0.07693177806919084,1,24,1,1.0,0.2,0,0.02,eager,1,float32,Qwen/Qwen2.5-0.5B-Instruct,0.05,23,23,0.0,5e-06,1,96,1,0.23958333333333334,async_areal_style,96,0,1,96,119,1,0.020833333333333332,0.08333333333333333,0.0,256,0.1,0.0,,0,0.006410981505765904,0.08333333333333333,2.0,0.0,cuda:0,results/experiments/final_report_8h_interactive_20260421_195453/gsm8k/async/030__mode-async_areal_style__k-8__seed-0__ub-4__q-256__ep-1__b-hf_trainable__lr-5e-06__nr-1__nt-1__pdelay-0.0__ldelay-0.0__dec-1,030__mode-async_areal_style__k-8__seed-0__ub-4__q-256__ep-1__b-hf_trainable__lr-5e-06__nr-1__nt-1__pdelay-0.0__ldelay-0.0__dec-1,0,11.611587524414062,8,0.9,0.95,323.5762996673584,,cuda:1,4,24,311.96471214294434,0.0
0.8067226890756303,1.0,,0.08333333333333333,32.794971307458574,hf_trainable,0.0,data/gsm8k_train.jsonl,0,auto,0.0,0.0,0,0,0.08053348639688267,1,24,1,1.0,0.2,0,0.02,eager,1,float32,Qwen/Qwen2.5-0.5B-Instruct,0.05,23,23,0.0,5e-06,1,96,1,0.23958333333333334,async_areal_style,96,0,1,96,119,1,0.08333333333333333,0.3333333333333333,0.0,256,0.1,0.0,,0,0.026844495465627557,0.3333333333333333,2.0,0.0,cuda:0,results/experiments/final_report_8h_interactive_20260421_195453/gsm8k/async/031__mode-async_areal_style__k-8__seed-1__ub-4__q-256__ep-1__b-hf_trainable__lr-5e-06__nr-1__nt-1__pdelay-0.0__ldelay-0.0__dec-0,031__mode-async_areal_style__k-8__seed-1__ub-4__q-256__ep-1__b-hf_trainable__lr-5e-06__nr-1__nt-1__pdelay-0.0__ldelay-0.0__dec-0,1,11.593700647354126,8,0.9,0.95,309.6063792705536,,cuda:1,4,24,298.01267862319946,0.0
0.8067226890756303,1.0,,0.0,32.64970581324754,hf_trainable,0.0,data/gsm8k_train.jsonl,1,auto,0.0,0.0,0,0,0.07888797780846793,1,24,1,1.0,0.2,0,0.02,eager,1,float32,Qwen/Qwen2.5-0.5B-Instruct,0.05,23,23,0.0,5e-06,1,96,1,0.23958333333333334,async_areal_style,96,0,1,96,119,1,0.0,0.0,0.0,256,0.1,0.0,,0,0.0,0.0,2.0,0.0,cuda:0,results/experiments/final_report_8h_interactive_20260421_195453/gsm8k/async/032__mode-async_areal_style__k-8__seed-1__ub-4__q-256__ep-1__b-hf_trainable__lr-5e-06__nr-1__nt-1__pdelay-0.0__ldelay-0.0__dec-1,032__mode-async_areal_style__k-8__seed-1__ub-4__q-256__ep-1__b-hf_trainable__lr-5e-06__nr-1__nt-1__pdelay-0.0__ldelay-0.0__dec-1,1,11.84402322769165,8,0.9,0.95,316.07288885116577,,cuda:1,4,24,304.2288656234741,0.0
