accepted_fraction,avg_latency_sec,avg_reward,avg_tokens_per_sec,backend,config,dataset,dropped_fraction,dropped_stale_count,effective_updates_per_second,epochs,final_policy_version,hf_model_id,learner_delay_sec,lr,max_new_tokens,max_staleness,mean_staleness,mode,num_accepted,num_dropped,num_samples,num_total_seen,pass_rate,pass_rate_by_step,pass_rate_per_update,producer_delay_sec,queue_depth_trace,queue_maxsize,queue_trace_interval_sec,reward_by_step,reward_per_second,reward_per_update,reward_timeout_sec,run_name,seed,staleness_k,tokens_per_sec_by_step,train_buffer_size,update_batch_size,update_count,update_history,wall_clock_sec
1.0,1.2507041295369467e-05,0.3333333333333333,1444843.4461898503,tiny_policy,"{'dataset': 'data/tiny_coding_train.jsonl', 'epochs': 2, 'seed': 0, 'backend': 'tiny_policy', 'hf_model_id': 'sshleifer/tiny-gpt2', 'max_new_tokens': 64, 'temperature': 1.0, 'top_p': 1.0, 'device': 'auto', 'lr': 0.1, 'update_batch_size': 4, 'dummy_sleep_sec': 0.01, 'reward_timeout_sec': 2.0}",data/tiny_coding_train.jsonl,0.0,0,6.9994640363376135,2,6,sshleifer/tiny-gpt2,,0.1,64,,,sync_train,,,24,,0.20833333333333334,"[{'step': 1, 'pass_rate': 0.0}, {'step': 2, 'pass_rate': 0.0}, {'step': 3, 'pass_rate': 0.0}, {'step': 4, 'pass_rate': 1.0}, {'step': 5, 'pass_rate': 0.0}, {'step': 6, 'pass_rate': 0.0}, {'step': 7, 'pass_rate': 0.0}, {'step': 8, 'pass_rate': 1.0}, {'step': 9, 'pass_rate': 0.0}, {'step': 10, 'pass_rate': 0.0}, {'step': 11, 'pass_rate': 0.0}, {'step': 12, 'pass_rate': 0.0}, {'step': 13, 'pass_rate': 1.0}, {'step': 14, 'pass_rate': 0.0}, {'step': 15, 'pass_rate': 0.0}, {'step': 16, 'pass_rate': 1.0}, {'step': 17, 'pass_rate': 0.0}, {'step': 18, 'pass_rate': 0.0}, {'step': 19, 'pass_rate': 0.0}, {'step': 20, 'pass_rate': 0.0}, {'step': 21, 'pass_rate': 1.0}, {'step': 22, 'pass_rate': 0.0}, {'step': 23, 'pass_rate': 0.0}, {'step': 24, 'pass_rate': 0.0}]",0.8333333333333334,,,,,"[{'step': 1, 'reward': 0.3333333333333333}, {'step': 2, 'reward': 0.3333333333333333}, {'step': 3, 'reward': 0.0}, {'step': 4, 'reward': 1.0}, {'step': 5, 'reward': 0.0}, {'step': 6, 'reward': 0.0}, {'step': 7, 'reward': 0.0}, {'step': 8, 'reward': 1.0}, {'step': 9, 'reward': 0.0}, {'step': 10, 'reward': 0.0}, {'step': 11, 'reward': 0.6666666666666666}, {'step': 12, 'reward': 0.0}, {'step': 13, 'reward': 1.0}, {'step': 14, 'reward': 0.3333333333333333}, {'step': 15, 'reward': 0.0}, {'step': 16, 'reward': 1.0}, {'step': 17, 'reward': 0.3333333333333333}, {'step': 18, 'reward': 0.0}, {'step': 19, 'reward': 0.0}, {'step': 20, 'reward': 0.0}, {'step': 21, 'reward': 1.0}, {'step': 22, 'reward': 0.3333333333333333}, {'step': 23, 'reward': 0.6666666666666666}, {'step': 24, 'reward': 0.0}]",9.332618715116817,1.3333333333333333,2.0,001__mode-sync_train__k-na__seed-0__ub-4__q-na__ep-2__b-tiny_policy__lr-0.1__pdelay-0.0__ldelay-0.0,0,,"[{'step': 1, 'tokens_per_sec': 583555.3391304348}, {'step': 2, 'tokens_per_sec': 713924.085106383}, {'step': 3, 'tokens_per_sec': 809427.0877192982}, {'step': 4, 'tokens_per_sec': 1028791.5471698113}, {'step': 5, 'tokens_per_sec': 986895.0588235294}, {'step': 6, 'tokens_per_sec': 1090519.04}, {'step': 7, 'tokens_per_sec': 2177811.6923076925}, {'step': 8, 'tokens_per_sec': 1135957.3333333333}, {'step': 9, 'tokens_per_sec': 1398101.3333333333}, {'step': 10, 'tokens_per_sec': 941578.4489795918}, {'step': 11, 'tokens_per_sec': 3086374.6415094337}, {'step': 12, 'tokens_per_sec': 904653.8039215687}, {'step': 13, 'tokens_per_sec': 1537911.4666666666}, {'step': 14, 'tokens_per_sec': 1398101.3333333333}, {'step': 15, 'tokens_per_sec': 870515.9245283019}, {'step': 16, 'tokens_per_sec': 1112774.530612245}, {'step': 17, 'tokens_per_sec': 1398101.3333333333}, {'step': 18, 'tokens_per_sec': 1845493.76}, {'step': 19, 'tokens_per_sec': 1986775.5789473683}, {'step': 20, 'tokens_per_sec': 1198372.5714285714}, {'step': 21, 'tokens_per_sec': 2752512.0}, {'step': 22, 'tokens_per_sec': 1315860.0784313725}, {'step': 23, 'tokens_per_sec': 3086374.6415094337}, {'step': 24, 'tokens_per_sec': 1315860.0784313725}]",,4,6,,0.8572084903717041
1.0,1.3013680775960287e-05,0.4166666666666667,1348884.0503688215,tiny_policy,"{'dataset': 'data/tiny_coding_train.jsonl', 'epochs': 2, 'seed': 1, 'backend': 'tiny_policy', 'hf_model_id': 'sshleifer/tiny-gpt2', 'max_new_tokens': 64, 'temperature': 1.0, 'top_p': 1.0, 'device': 'auto', 'lr': 0.1, 'update_batch_size': 4, 'dummy_sleep_sec': 0.01, 'reward_timeout_sec': 2.0}",data/tiny_coding_train.jsonl,0.0,0,7.3193678995512546,2,6,sshleifer/tiny-gpt2,,0.1,64,,,sync_train,,,24,,0.3333333333333333,"[{'step': 1, 'pass_rate': 1.0}, {'step': 2, 'pass_rate': 0.0}, {'step': 3, 'pass_rate': 0.0}, {'step': 4, 'pass_rate': 1.0}, {'step': 5, 'pass_rate': 0.0}, {'step': 6, 'pass_rate': 0.0}, {'step': 7, 'pass_rate': 0.0}, {'step': 8, 'pass_rate': 0.0}, {'step': 9, 'pass_rate': 1.0}, {'step': 10, 'pass_rate': 1.0}, {'step': 11, 'pass_rate': 0.0}, {'step': 12, 'pass_rate': 0.0}, {'step': 13, 'pass_rate': 0.0}, {'step': 14, 'pass_rate': 1.0}, {'step': 15, 'pass_rate': 0.0}, {'step': 16, 'pass_rate': 0.0}, {'step': 17, 'pass_rate': 1.0}, {'step': 18, 'pass_rate': 0.0}, {'step': 19, 'pass_rate': 0.0}, {'step': 20, 'pass_rate': 1.0}, {'step': 21, 'pass_rate': 1.0}, {'step': 22, 'pass_rate': 0.0}, {'step': 23, 'pass_rate': 0.0}, {'step': 24, 'pass_rate': 0.0}]",1.3333333333333333,,,,,"[{'step': 1, 'reward': 1.0}, {'step': 2, 'reward': 0.3333333333333333}, {'step': 3, 'reward': 0.0}, {'step': 4, 'reward': 1.0}, {'step': 5, 'reward': 0.0}, {'step': 6, 'reward': 0.0}, {'step': 7, 'reward': 0.0}, {'step': 8, 'reward': 0.0}, {'step': 9, 'reward': 1.0}, {'step': 10, 'reward': 1.0}, {'step': 11, 'reward': 0.6666666666666666}, {'step': 12, 'reward': 0.0}, {'step': 13, 'reward': 0.3333333333333333}, {'step': 14, 'reward': 1.0}, {'step': 15, 'reward': 0.0}, {'step': 16, 'reward': 0.0}, {'step': 17, 'reward': 1.0}, {'step': 18, 'reward': 0.0}, {'step': 19, 'reward': 0.0}, {'step': 20, 'reward': 1.0}, {'step': 21, 'reward': 1.0}, {'step': 22, 'reward': 0.0}, {'step': 23, 'reward': 0.6666666666666666}, {'step': 24, 'reward': 0.0}]",12.198946499252092,1.6666666666666667,2.0,002__mode-sync_train__k-na__seed-1__ub-4__q-na__ep-2__b-tiny_policy__lr-0.1__pdelay-0.0__ldelay-0.0,1,,"[{'step': 1, 'tokens_per_sec': 466033.77777777775}, {'step': 2, 'tokens_per_sec': 699050.6666666666}, {'step': 3, 'tokens_per_sec': 995258.5762711865}, {'step': 4, 'tokens_per_sec': 1028791.5471698113}, {'step': 5, 'tokens_per_sec': 1016800.9696969697}, {'step': 6, 'tokens_per_sec': 1028791.5471698113}, {'step': 7, 'tokens_per_sec': 941578.4489795918}, {'step': 8, 'tokens_per_sec': 1480342.5882352942}, {'step': 9, 'tokens_per_sec': 2841302.709677419}, {'step': 10, 'tokens_per_sec': 887256.6153846154}, {'step': 11, 'tokens_per_sec': 3145728.0}, {'step': 12, 'tokens_per_sec': 922746.88}, {'step': 13, 'tokens_per_sec': 1973790.1176470588}, {'step': 14, 'tokens_per_sec': 961194.6666666666}, {'step': 15, 'tokens_per_sec': 922746.88}, {'step': 16, 'tokens_per_sec': 1606329.1914893617}, {'step': 17, 'tokens_per_sec': 867787.0344827586}, {'step': 18, 'tokens_per_sec': 1246955.2432432433}, {'step': 19, 'tokens_per_sec': 1364412.1445783132}, {'step': 20, 'tokens_per_sec': 801852.2352941176}, {'step': 21, 'tokens_per_sec': 2590599.529411765}, {'step': 22, 'tokens_per_sec': 809427.0877192982}, {'step': 23, 'tokens_per_sec': 2869786.947368421}, {'step': 24, 'tokens_per_sec': 904653.8039215687}]",,4,6,,0.8197429180145264
1.0,1.2467304865519205e-05,0.3888888888888889,1176938.7224905912,tiny_policy,"{'dataset': 'data/tiny_coding_train.jsonl', 'epochs': 2, 'seed': 2, 'backend': 'tiny_policy', 'hf_model_id': 'sshleifer/tiny-gpt2', 'max_new_tokens': 64, 'temperature': 1.0, 'top_p': 1.0, 'device': 'auto', 'lr': 0.1, 'update_batch_size': 4, 'dummy_sleep_sec': 0.01, 'reward_timeout_sec': 2.0}",data/tiny_coding_train.jsonl,0.0,0,5.727057360637823,2,6,sshleifer/tiny-gpt2,,0.1,64,,,sync_train,,,24,,0.3333333333333333,"[{'step': 1, 'pass_rate': 0.0}, {'step': 2, 'pass_rate': 0.0}, {'step': 3, 'pass_rate': 1.0}, {'step': 4, 'pass_rate': 1.0}, {'step': 5, 'pass_rate': 0.0}, {'step': 6, 'pass_rate': 0.0}, {'step': 7, 'pass_rate': 0.0}, {'step': 8, 'pass_rate': 1.0}, {'step': 9, 'pass_rate': 0.0}, {'step': 10, 'pass_rate': 0.0}, {'step': 11, 'pass_rate': 0.0}, {'step': 12, 'pass_rate': 1.0}, {'step': 13, 'pass_rate': 0.0}, {'step': 14, 'pass_rate': 0.0}, {'step': 15, 'pass_rate': 0.0}, {'step': 16, 'pass_rate': 0.0}, {'step': 17, 'pass_rate': 0.0}, {'step': 18, 'pass_rate': 0.0}, {'step': 19, 'pass_rate': 0.0}, {'step': 20, 'pass_rate': 1.0}, {'step': 21, 'pass_rate': 1.0}, {'step': 22, 'pass_rate': 1.0}, {'step': 23, 'pass_rate': 0.0}, {'step': 24, 'pass_rate': 1.0}]",1.3333333333333333,,,,,"[{'step': 1, 'reward': 0.3333333333333333}, {'step': 2, 'reward': 0.3333333333333333}, {'step': 3, 'reward': 1.0}, {'step': 4, 'reward': 1.0}, {'step': 5, 'reward': 0.3333333333333333}, {'step': 6, 'reward': 0.0}, {'step': 7, 'reward': 0.0}, {'step': 8, 'reward': 1.0}, {'step': 9, 'reward': 0.0}, {'step': 10, 'reward': 0.0}, {'step': 11, 'reward': 0.0}, {'step': 12, 'reward': 1.0}, {'step': 13, 'reward': 0.0}, {'step': 14, 'reward': 0.0}, {'step': 15, 'reward': 0.0}, {'step': 16, 'reward': 0.0}, {'step': 17, 'reward': 0.3333333333333333}, {'step': 18, 'reward': 0.0}, {'step': 19, 'reward': 0.0}, {'step': 20, 'reward': 1.0}, {'step': 21, 'reward': 1.0}, {'step': 22, 'reward': 1.0}, {'step': 23, 'reward': 0.0}, {'step': 24, 'reward': 1.0}]",8.908755894325504,1.5555555555555556,2.0,003__mode-sync_train__k-na__seed-2__ub-4__q-na__ep-2__b-tiny_policy__lr-0.1__pdelay-0.0__ldelay-0.0,2,,"[{'step': 1, 'tokens_per_sec': 657930.0392156863}, {'step': 2, 'tokens_per_sec': 657930.0392156863}, {'step': 3, 'tokens_per_sec': 686340.6545454545}, {'step': 4, 'tokens_per_sec': 991380.9454545454}, {'step': 5, 'tokens_per_sec': 1318209.8285714285}, {'step': 6, 'tokens_per_sec': 1677721.6}, {'step': 7, 'tokens_per_sec': 2220513.882352941}, {'step': 8, 'tokens_per_sec': 1135957.3333333333}, {'step': 9, 'tokens_per_sec': 1488301.4193548388}, {'step': 10, 'tokens_per_sec': 904653.8039215687}, {'step': 11, 'tokens_per_sec': 632018.4109589041}, {'step': 12, 'tokens_per_sec': 941578.4489795918}, {'step': 13, 'tokens_per_sec': 1537911.4666666666}, {'step': 14, 'tokens_per_sec': 941578.4489795918}, {'step': 15, 'tokens_per_sec': 1276527.3043478262}, {'step': 16, 'tokens_per_sec': 1606329.1914893617}, {'step': 17, 'tokens_per_sec': 1048576.0}, {'step': 18, 'tokens_per_sec': 991380.9454545454}, {'step': 19, 'tokens_per_sec': 838860.8}, {'step': 20, 'tokens_per_sec': 1112774.530612245}, {'step': 21, 'tokens_per_sec': 2590599.529411765}, {'step': 22, 'tokens_per_sec': 961194.6666666666}, {'step': 23, 'tokens_per_sec': 1025274.3111111111}, {'step': 24, 'tokens_per_sec': 1002985.7391304348}]",,4,6,,1.0476584434509277
0.20833333333333334,0.09313359260559081,0.3333333333333333,1909037.9869803023,tiny_policy,"{'dataset': 'data/tiny_coding_train.jsonl', 'epochs': 2, 'seed': 0, 'backend': 'tiny_policy', 'hf_model_id': 'sshleifer/tiny-gpt2', 'max_new_tokens': 64, 'temperature': 1.0, 'top_p': 1.0, 'device': 'auto', 'lr': 0.1, 'update_batch_size': 4, 'dummy_sleep_sec': 0.01, 'reward_timeout_sec': 2.0, 'staleness_k': 0, 'queue_maxsize': 64, 'producer_delay_sec': 0.0, 'learner_delay_sec': 0.0}",data/tiny_coding_train.jsonl,0.7916666666666666,19,6.623917019105947,2,2,sshleifer/tiny-gpt2,0.0,0.1,64,0,0.0,async_train,5,19,,24,0.2,"[{'step': 1, 'pass_rate': 0.0}, {'step': 2, 'pass_rate': 0.0}, {'step': 3, 'pass_rate': 0.0}, {'step': 4, 'pass_rate': 1.0}, {'step': 5, 'pass_rate': 0.0}]",0.5,0.0,"[{'t_sec': 0.0015125274658203125, 'sample_queue_depth': 23, 'train_queue_depth': 0}, {'t_sec': 0.10158157348632812, 'sample_queue_depth': 21, 'train_queue_depth': 0}, {'t_sec': 0.20171332359313965, 'sample_queue_depth': 19, 'train_queue_depth': 0}, {'t_sec': 0.30184006690979004, 'sample_queue_depth': 0, 'train_queue_depth': 0}]",64,0.1,"[{'step': 1, 'reward': 0.3333333333333333}, {'step': 2, 'reward': 0.3333333333333333}, {'step': 3, 'reward': 0.0}, {'step': 4, 'reward': 1.0}, {'step': 5, 'reward': 0.0}]",5.519930849254955,0.8333333333333333,2.0,004__mode-async_train__k-0__seed-0__ub-4__q-64__ep-2__b-tiny_policy__lr-0.1__pdelay-0.0__ldelay-0.0,0,0,"[{'step': 1, 'tokens_per_sec': 404270.265060241}, {'step': 2, 'tokens_per_sec': 1917396.1142857142}, {'step': 3, 'tokens_per_sec': 2097152.0}, {'step': 4, 'tokens_per_sec': 3029219.5555555555}, {'step': 5, 'tokens_per_sec': 2097152.0}]",5,4,2,"[{'update_id': 1, 'policy_version': 1, 'loss': 2.7755575615628914e-17, 'avg_reward': 0.41666666666666663, 'batch_size': 4}, {'update_id': 2, 'policy_version': 2, 'loss': 0.0, 'avg_reward': 0.0, 'batch_size': 1}]",0.30193614959716797
0.20833333333333334,0.07208318710327148,0.4666666666666667,1925868.3572630635,tiny_policy,"{'dataset': 'data/tiny_coding_train.jsonl', 'epochs': 2, 'seed': 1, 'backend': 'tiny_policy', 'hf_model_id': 'sshleifer/tiny-gpt2', 'max_new_tokens': 64, 'temperature': 1.0, 'top_p': 1.0, 'device': 'auto', 'lr': 0.1, 'update_batch_size': 4, 'dummy_sleep_sec': 0.01, 'reward_timeout_sec': 2.0, 'staleness_k': 0, 'queue_maxsize': 64, 'producer_delay_sec': 0.0, 'learner_delay_sec': 0.0}",data/tiny_coding_train.jsonl,0.7916666666666666,19,9.929873281367449,2,2,sshleifer/tiny-gpt2,0.0,0.1,64,0,0.0,async_train,5,19,,24,0.4,"[{'step': 1, 'pass_rate': 1.0}, {'step': 2, 'pass_rate': 0.0}, {'step': 3, 'pass_rate': 0.0}, {'step': 4, 'pass_rate': 1.0}, {'step': 5, 'pass_rate': 0.0}]",1.0,0.0,"[{'t_sec': 0.0011014938354492188, 'sample_queue_depth': 23, 'train_queue_depth': 0}, {'t_sec': 0.10117316246032715, 'sample_queue_depth': 21, 'train_queue_depth': 0}, {'t_sec': 0.201310396194458, 'sample_queue_depth': 0, 'train_queue_depth': 0}]",64,0.1,"[{'step': 1, 'reward': 1.0}, {'step': 2, 'reward': 0.3333333333333333}, {'step': 3, 'reward': 0.0}, {'step': 4, 'reward': 1.0}, {'step': 5, 'reward': 0.0}]",11.584852161595357,1.1666666666666667,2.0,005__mode-async_train__k-0__seed-1__ub-4__q-64__ep-2__b-tiny_policy__lr-0.1__pdelay-0.0__ldelay-0.0,1,0,"[{'step': 1, 'tokens_per_sec': 227277.55665024632}, {'step': 2, 'tokens_per_sec': 1766022.7368421052}, {'step': 3, 'tokens_per_sec': 2669102.5454545454}, {'step': 4, 'tokens_per_sec': 2869786.947368421}, {'step': 5, 'tokens_per_sec': 2097152.0}]",5,4,2,"[{'update_id': 1, 'policy_version': 1, 'loss': -2.7755575615628914e-17, 'avg_reward': 0.5833333333333334, 'batch_size': 4}, {'update_id': 2, 'policy_version': 2, 'loss': 0.0, 'avg_reward': 0.0, 'batch_size': 1}]",0.20141243934631348
0.20833333333333334,0.07415084838867188,0.6,1963072.1855745814,tiny_policy,"{'dataset': 'data/tiny_coding_train.jsonl', 'epochs': 2, 'seed': 2, 'backend': 'tiny_policy', 'hf_model_id': 'sshleifer/tiny-gpt2', 'max_new_tokens': 64, 'temperature': 1.0, 'top_p': 1.0, 'device': 'auto', 'lr': 0.1, 'update_batch_size': 4, 'dummy_sleep_sec': 0.01, 'reward_timeout_sec': 2.0, 'staleness_k': 0, 'queue_maxsize': 64, 'producer_delay_sec': 0.0, 'learner_delay_sec': 0.0}",data/tiny_coding_train.jsonl,0.7916666666666666,19,9.92666538864788,2,2,sshleifer/tiny-gpt2,0.0,0.1,64,0,0.0,async_train,5,19,,24,0.4,"[{'step': 1, 'pass_rate': 0.0}, {'step': 2, 'pass_rate': 0.0}, {'step': 3, 'pass_rate': 1.0}, {'step': 4, 'pass_rate': 1.0}, {'step': 5, 'pass_rate': 0.0}]",1.0,0.0,"[{'t_sec': 0.0011646747589111328, 'sample_queue_depth': 23, 'train_queue_depth': 0}, {'t_sec': 0.10132288932800293, 'sample_queue_depth': 21, 'train_queue_depth': 0}, {'t_sec': 0.20139575004577637, 'sample_queue_depth': 0, 'train_queue_depth': 0}]",64,0.1,"[{'step': 1, 'reward': 0.3333333333333333}, {'step': 2, 'reward': 0.3333333333333333}, {'step': 3, 'reward': 1.0}, {'step': 4, 'reward': 1.0}, {'step': 5, 'reward': 0.3333333333333333}]",14.88999808297182,1.5,2.0,006__mode-async_train__k-0__seed-2__ub-4__q-64__ep-2__b-tiny_policy__lr-0.1__pdelay-0.0__ldelay-0.0,2,0,"[{'step': 1, 'tokens_per_sec': 370767.2044198895}, {'step': 2, 'tokens_per_sec': 1525201.4545454546}, {'step': 3, 'tokens_per_sec': 1797558.857142857}, {'step': 4, 'tokens_per_sec': 3407872.0}, {'step': 5, 'tokens_per_sec': 2713961.411764706}]",5,4,2,"[{'update_id': 1, 'policy_version': 1, 'loss': 2.7755575615628914e-17, 'avg_reward': 0.6666666666666666, 'batch_size': 4}, {'update_id': 2, 'policy_version': 2, 'loss': 0.0, 'avg_reward': 0.3333333333333333, 'batch_size': 1}]",0.2014775276184082
0.375,0.13852447933620876,0.2962962962962963,3080964.1887629884,tiny_policy,"{'dataset': 'data/tiny_coding_train.jsonl', 'epochs': 2, 'seed': 0, 'backend': 'tiny_policy', 'hf_model_id': 'sshleifer/tiny-gpt2', 'max_new_tokens': 64, 'temperature': 1.0, 'top_p': 1.0, 'device': 'auto', 'lr': 0.1, 'update_batch_size': 4, 'dummy_sleep_sec': 0.01, 'reward_timeout_sec': 2.0, 'staleness_k': 1, 'queue_maxsize': 64, 'producer_delay_sec': 0.0, 'learner_delay_sec': 0.0}",data/tiny_coding_train.jsonl,0.625,15,7.468693945822357,2,3,sshleifer/tiny-gpt2,0.0,0.1,64,1,0.4444444444444444,async_train,9,15,,24,0.2222222222222222,"[{'step': 1, 'pass_rate': 0.0}, {'step': 2, 'pass_rate': 0.0}, {'step': 3, 'pass_rate': 0.0}, {'step': 4, 'pass_rate': 1.0}, {'step': 5, 'pass_rate': 0.0}, {'step': 6, 'pass_rate': 0.0}, {'step': 7, 'pass_rate': 0.0}, {'step': 8, 'pass_rate': 1.0}, {'step': 9, 'pass_rate': 0.0}]",0.6666666666666666,0.0,"[{'t_sec': 0.0011951923370361328, 'sample_queue_depth': 23, 'train_queue_depth': 0}, {'t_sec': 0.10127067565917969, 'sample_queue_depth': 21, 'train_queue_depth': 0}, {'t_sec': 0.20134615898132324, 'sample_queue_depth': 18, 'train_queue_depth': 0}, {'t_sec': 0.301422119140625, 'sample_queue_depth': 15, 'train_queue_depth': 0}, {'t_sec': 0.40157461166381836, 'sample_queue_depth': 0, 'train_queue_depth': 0}]",64,0.1,"[{'step': 1, 'reward': 0.3333333333333333}, {'step': 2, 'reward': 0.3333333333333333}, {'step': 3, 'reward': 0.0}, {'step': 4, 'reward': 1.0}, {'step': 5, 'reward': 0.0}, {'step': 6, 'reward': 0.0}, {'step': 7, 'reward': 0.0}, {'step': 8, 'reward': 1.0}, {'step': 9, 'reward': 0.0}]",6.638839062953206,0.8888888888888888,2.0,007__mode-async_train__k-1__seed-0__ub-4__q-64__ep-2__b-tiny_policy__lr-0.1__pdelay-0.0__ldelay-0.0,0,1,"[{'step': 1, 'tokens_per_sec': 377016.08988764044}, {'step': 2, 'tokens_per_sec': 1398101.3333333333}, {'step': 3, 'tokens_per_sec': 2197016.380952381}, {'step': 4, 'tokens_per_sec': 3407872.0}, {'step': 5, 'tokens_per_sec': 1973790.1176470588}, {'step': 6, 'tokens_per_sec': 3207408.9411764704}, {'step': 7, 'tokens_per_sec': 6661541.647058823}, {'step': 8, 'tokens_per_sec': 4956904.7272727275}, {'step': 9, 'tokens_per_sec': 3549026.4615384615}]",9,4,3,"[{'update_id': 1, 'policy_version': 1, 'loss': 2.7755575615628914e-17, 'avg_reward': 0.41666666666666663, 'batch_size': 4}, {'update_id': 2, 'policy_version': 2, 'loss': 0.0, 'avg_reward': 0.25, 'batch_size': 4}, {'update_id': 3, 'policy_version': 3, 'loss': 0.0, 'avg_reward': 0.0, 'batch_size': 1}]",0.40167665481567383
0.375,0.1376533243391249,0.3703703703703704,3116539.3918814133,tiny_policy,"{'dataset': 'data/tiny_coding_train.jsonl', 'epochs': 2, 'seed': 1, 'backend': 'tiny_policy', 'hf_model_id': 'sshleifer/tiny-gpt2', 'max_new_tokens': 64, 'temperature': 1.0, 'top_p': 1.0, 'device': 'auto', 'lr': 0.1, 'update_batch_size': 4, 'dummy_sleep_sec': 0.01, 'reward_timeout_sec': 2.0, 'staleness_k': 1, 'queue_maxsize': 64, 'producer_delay_sec': 0.0, 'learner_delay_sec': 0.0}",data/tiny_coding_train.jsonl,0.625,15,7.466761611450341,2,3,sshleifer/tiny-gpt2,0.0,0.1,64,1,0.4444444444444444,async_train,9,15,,24,0.3333333333333333,"[{'step': 1, 'pass_rate': 1.0}, {'step': 2, 'pass_rate': 0.0}, {'step': 3, 'pass_rate': 0.0}, {'step': 4, 'pass_rate': 1.0}, {'step': 5, 'pass_rate': 0.0}, {'step': 6, 'pass_rate': 0.0}, {'step': 7, 'pass_rate': 0.0}, {'step': 8, 'pass_rate': 0.0}, {'step': 9, 'pass_rate': 1.0}]",1.0,0.0,"[{'t_sec': 0.0011639595031738281, 'sample_queue_depth': 23, 'train_queue_depth': 0}, {'t_sec': 0.10130047798156738, 'sample_queue_depth': 21, 'train_queue_depth': 0}, {'t_sec': 0.20142769813537598, 'sample_queue_depth': 18, 'train_queue_depth': 0}, {'t_sec': 0.3015408515930176, 'sample_queue_depth': 15, 'train_queue_depth': 0}, {'t_sec': 0.4016854763031006, 'sample_queue_depth': 0, 'train_queue_depth': 0}]",64,0.1,"[{'step': 1, 'reward': 1.0}, {'step': 2, 'reward': 0.3333333333333333}, {'step': 3, 'reward': 0.0}, {'step': 4, 'reward': 1.0}, {'step': 5, 'reward': 0.0}, {'step': 6, 'reward': 0.0}, {'step': 7, 'reward': 0.0}, {'step': 8, 'reward': 0.0}, {'step': 9, 'reward': 1.0}]",8.29640179050038,1.1111111111111112,2.0,008__mode-async_train__k-1__seed-1__ub-4__q-64__ep-2__b-tiny_policy__lr-0.1__pdelay-0.0__ldelay-0.0,1,1,"[{'step': 1, 'tokens_per_sec': 265157.1494252874}, {'step': 2, 'tokens_per_sec': 1427848.170212766}, {'step': 3, 'tokens_per_sec': 2669102.5454545454}, {'step': 4, 'tokens_per_sec': 3207408.9411764704}, {'step': 5, 'tokens_per_sec': 2097152.0}, {'step': 6, 'tokens_per_sec': 3207408.9411764704}, {'step': 7, 'tokens_per_sec': 3075822.933333333}, {'step': 8, 'tokens_per_sec': 5807497.846153846}, {'step': 9, 'tokens_per_sec': 6291456.0}]",9,4,3,"[{'update_id': 1, 'policy_version': 1, 'loss': -2.7755575615628914e-17, 'avg_reward': 0.5833333333333334, 'batch_size': 4}, {'update_id': 2, 'policy_version': 2, 'loss': 0.0, 'avg_reward': 0.0, 'batch_size': 4}, {'update_id': 3, 'policy_version': 3, 'loss': 0.0, 'avg_reward': 1.0, 'batch_size': 1}]",0.4017806053161621
0.375,0.13820258776346842,0.4444444444444444,3041217.7516844496,tiny_policy,"{'dataset': 'data/tiny_coding_train.jsonl', 'epochs': 2, 'seed': 2, 'backend': 'tiny_policy', 'hf_model_id': 'sshleifer/tiny-gpt2', 'max_new_tokens': 64, 'temperature': 1.0, 'top_p': 1.0, 'device': 'auto', 'lr': 0.1, 'update_batch_size': 4, 'dummy_sleep_sec': 0.01, 'reward_timeout_sec': 2.0, 'staleness_k': 1, 'queue_maxsize': 64, 'producer_delay_sec': 0.0, 'learner_delay_sec': 0.0}",data/tiny_coding_train.jsonl,0.625,15,7.4698600348710675,2,3,sshleifer/tiny-gpt2,0.0,0.1,64,1,0.4444444444444444,async_train,9,15,,24,0.3333333333333333,"[{'step': 1, 'pass_rate': 0.0}, {'step': 2, 'pass_rate': 0.0}, {'step': 3, 'pass_rate': 1.0}, {'step': 4, 'pass_rate': 1.0}, {'step': 5, 'pass_rate': 0.0}, {'step': 6, 'pass_rate': 0.0}, {'step': 7, 'pass_rate': 0.0}, {'step': 8, 'pass_rate': 1.0}, {'step': 9, 'pass_rate': 0.0}]",1.0,0.0,"[{'t_sec': 0.0011854171752929688, 'sample_queue_depth': 23, 'train_queue_depth': 0}, {'t_sec': 0.10125303268432617, 'sample_queue_depth': 21, 'train_queue_depth': 0}, {'t_sec': 0.20132184028625488, 'sample_queue_depth': 18, 'train_queue_depth': 0}, {'t_sec': 0.3013887405395508, 'sample_queue_depth': 15, 'train_queue_depth': 0}, {'t_sec': 0.4015183448791504, 'sample_queue_depth': 0, 'train_queue_depth': 0}]",64,0.1,"[{'step': 1, 'reward': 0.3333333333333333}, {'step': 2, 'reward': 0.3333333333333333}, {'step': 3, 'reward': 1.0}, {'step': 4, 'reward': 1.0}, {'step': 5, 'reward': 0.3333333333333333}, {'step': 6, 'reward': 0.0}, {'step': 7, 'reward': 0.0}, {'step': 8, 'reward': 1.0}, {'step': 9, 'reward': 0.0}]",9.959813379828091,1.3333333333333333,2.0,009__mode-async_train__k-1__seed-2__ub-4__q-64__ep-2__b-tiny_policy__lr-0.1__pdelay-0.0__ldelay-0.0,2,1,"[{'step': 1, 'tokens_per_sec': 383479.22285714286}, {'step': 2, 'tokens_per_sec': 1560671.2558139535}, {'step': 3, 'tokens_per_sec': 1715851.6363636365}, {'step': 4, 'tokens_per_sec': 3029219.5555555555}, {'step': 5, 'tokens_per_sec': 2563185.777777778}, {'step': 6, 'tokens_per_sec': 4856562.52631579}, {'step': 7, 'tokens_per_sec': 6291456.0}, {'step': 8, 'tokens_per_sec': 3894710.8571428573}, {'step': 9, 'tokens_per_sec': 3075822.933333333}]",9,4,3,"[{'update_id': 1, 'policy_version': 1, 'loss': 2.7755575615628914e-17, 'avg_reward': 0.6666666666666666, 'batch_size': 4}, {'update_id': 2, 'policy_version': 2, 'loss': 2.7755575615628914e-17, 'avg_reward': 0.3333333333333333, 'batch_size': 4}, {'update_id': 3, 'policy_version': 3, 'loss': 0.0, 'avg_reward': 0.0, 'batch_size': 1}]",0.4016139507293701
0.5416666666666666,0.20795246270986703,0.3333333333333333,3621723.4787324537,tiny_policy,"{'dataset': 'data/tiny_coding_train.jsonl', 'epochs': 2, 'seed': 0, 'backend': 'tiny_policy', 'hf_model_id': 'sshleifer/tiny-gpt2', 'max_new_tokens': 64, 'temperature': 1.0, 'top_p': 1.0, 'device': 'auto', 'lr': 0.1, 'update_batch_size': 4, 'dummy_sleep_sec': 0.01, 'reward_timeout_sec': 2.0, 'staleness_k': 2, 'queue_maxsize': 64, 'producer_delay_sec': 0.0, 'learner_delay_sec': 0.0}",data/tiny_coding_train.jsonl,0.4583333333333333,11,7.970768366096664,2,4,sshleifer/tiny-gpt2,0.0,0.1,64,2,0.9230769230769231,async_train,13,11,,24,0.23076923076923078,"[{'step': 1, 'pass_rate': 0.0}, {'step': 2, 'pass_rate': 0.0}, {'step': 3, 'pass_rate': 0.0}, {'step': 4, 'pass_rate': 1.0}, {'step': 5, 'pass_rate': 0.0}, {'step': 6, 'pass_rate': 0.0}, {'step': 7, 'pass_rate': 0.0}, {'step': 8, 'pass_rate': 1.0}, {'step': 9, 'pass_rate': 0.0}, {'step': 10, 'pass_rate': 0.0}, {'step': 11, 'pass_rate': 0.0}, {'step': 12, 'pass_rate': 0.0}, {'step': 13, 'pass_rate': 1.0}]",0.75,0.0,"[{'t_sec': 0.00115966796875, 'sample_queue_depth': 23, 'train_queue_depth': 0}, {'t_sec': 0.1012883186340332, 'sample_queue_depth': 21, 'train_queue_depth': 0}, {'t_sec': 0.2014141082763672, 'sample_queue_depth': 18, 'train_queue_depth': 0}, {'t_sec': 0.3015284538269043, 'sample_queue_depth': 15, 'train_queue_depth': 0}, {'t_sec': 0.4016094207763672, 'sample_queue_depth': 12, 'train_queue_depth': 0}, {'t_sec': 0.5017399787902832, 'sample_queue_depth': 0, 'train_queue_depth': 0}]",64,0.1,"[{'step': 1, 'reward': 0.3333333333333333}, {'step': 2, 'reward': 0.3333333333333333}, {'step': 3, 'reward': 0.0}, {'step': 4, 'reward': 1.0}, {'step': 5, 'reward': 0.0}, {'step': 6, 'reward': 0.0}, {'step': 7, 'reward': 0.0}, {'step': 8, 'reward': 1.0}, {'step': 9, 'reward': 0.0}, {'step': 10, 'reward': 0.0}, {'step': 11, 'reward': 0.6666666666666666}, {'step': 12, 'reward': 0.0}, {'step': 13, 'reward': 1.0}]",8.634999063271385,1.0833333333333333,2.0,010__mode-async_train__k-2__seed-0__ub-4__q-64__ep-2__b-tiny_policy__lr-0.1__pdelay-0.0__ldelay-0.0,0,2,"[{'step': 1, 'tokens_per_sec': 385683.1264367816}, {'step': 2, 'tokens_per_sec': 1636801.5609756098}, {'step': 3, 'tokens_per_sec': 1922389.3333333333}, {'step': 4, 'tokens_per_sec': 3207408.9411764704}, {'step': 5, 'tokens_per_sec': 1973790.1176470588}, {'step': 6, 'tokens_per_sec': 3207408.9411764704}, {'step': 7, 'tokens_per_sec': 5960326.736842105}, {'step': 8, 'tokens_per_sec': 3635063.466666667}, {'step': 9, 'tokens_per_sec': 3295524.5714285714}, {'step': 10, 'tokens_per_sec': 3549026.4615384615}, {'step': 11, 'tokens_per_sec': 11684132.57142857}, {'step': 12, 'tokens_per_sec': 3075822.933333333}, {'step': 13, 'tokens_per_sec': 3549026.4615384615}]",13,4,4,"[{'update_id': 1, 'policy_version': 1, 'loss': 2.7755575615628914e-17, 'avg_reward': 0.41666666666666663, 'batch_size': 4}, {'update_id': 2, 'policy_version': 2, 'loss': 0.0, 'avg_reward': 0.25, 'batch_size': 4}, {'update_id': 3, 'policy_version': 3, 'loss': 1.3877787807814457e-17, 'avg_reward': 0.16666666666666666, 'batch_size': 4}, {'update_id': 4, 'policy_version': 4, 'loss': 0.0, 'avg_reward': 1.0, 'batch_size': 1}]",0.5018336772918701
0.5416666666666666,0.24135518074035645,0.41025641025641024,3630858.159226834,tiny_policy,"{'dataset': 'data/tiny_coding_train.jsonl', 'epochs': 2, 'seed': 1, 'backend': 'tiny_policy', 'hf_model_id': 'sshleifer/tiny-gpt2', 'max_new_tokens': 64, 'temperature': 1.0, 'top_p': 1.0, 'device': 'auto', 'lr': 0.1, 'update_batch_size': 4, 'dummy_sleep_sec': 0.01, 'reward_timeout_sec': 2.0, 'staleness_k': 2, 'queue_maxsize': 64, 'producer_delay_sec': 0.0, 'learner_delay_sec': 0.0}",data/tiny_coding_train.jsonl,0.4583333333333333,11,7.974701077333688,2,4,sshleifer/tiny-gpt2,0.0,0.1,64,2,0.9230769230769231,async_train,13,11,,24,0.3076923076923077,"[{'step': 1, 'pass_rate': 1.0}, {'step': 2, 'pass_rate': 0.0}, {'step': 3, 'pass_rate': 0.0}, {'step': 4, 'pass_rate': 1.0}, {'step': 5, 'pass_rate': 0.0}, {'step': 6, 'pass_rate': 0.0}, {'step': 7, 'pass_rate': 0.0}, {'step': 8, 'pass_rate': 0.0}, {'step': 9, 'pass_rate': 1.0}, {'step': 10, 'pass_rate': 1.0}, {'step': 11, 'pass_rate': 0.0}, {'step': 12, 'pass_rate': 0.0}, {'step': 13, 'pass_rate': 0.0}]",1.0,0.0,"[{'t_sec': 0.0011720657348632812, 'sample_queue_depth': 23, 'train_queue_depth': 0}, {'t_sec': 0.10124492645263672, 'sample_queue_depth': 21, 'train_queue_depth': 0}, {'t_sec': 0.20131134986877441, 'sample_queue_depth': 19, 'train_queue_depth': 0}, {'t_sec': 0.3013732433319092, 'sample_queue_depth': 16, 'train_queue_depth': 0}, {'t_sec': 0.40143704414367676, 'sample_queue_depth': 13, 'train_queue_depth': 0}, {'t_sec': 0.5015048980712891, 'sample_queue_depth': 0, 'train_queue_depth': 0}]",64,0.1,"[{'step': 1, 'reward': 1.0}, {'step': 2, 'reward': 0.3333333333333333}, {'step': 3, 'reward': 0.0}, {'step': 4, 'reward': 1.0}, {'step': 5, 'reward': 0.0}, {'step': 6, 'reward': 0.0}, {'step': 7, 'reward': 0.0}, {'step': 8, 'reward': 0.0}, {'step': 9, 'reward': 1.0}, {'step': 10, 'reward': 1.0}, {'step': 11, 'reward': 0.6666666666666666}, {'step': 12, 'reward': 0.0}, {'step': 13, 'reward': 0.3333333333333333}]",10.63293476977825,1.3333333333333333,2.0,011__mode-async_train__k-2__seed-1__ub-4__q-64__ep-2__b-tiny_policy__lr-0.1__pdelay-0.0__ldelay-0.0,1,2,"[{'step': 1, 'tokens_per_sec': 256318.57777777777}, {'step': 2, 'tokens_per_sec': 1560671.2558139535}, {'step': 3, 'tokens_per_sec': 2446677.3333333335}, {'step': 4, 'tokens_per_sec': 3029219.5555555555}, {'step': 5, 'tokens_per_sec': 1973790.1176470588}, {'step': 6, 'tokens_per_sec': 3207408.9411764704}, {'step': 7, 'tokens_per_sec': 3295524.5714285714}, {'step': 8, 'tokens_per_sec': 4718592.0}, {'step': 9, 'tokens_per_sec': 5872025.6}, {'step': 10, 'tokens_per_sec': 3295524.5714285714}, {'step': 11, 'tokens_per_sec': 9087658.666666666}, {'step': 12, 'tokens_per_sec': 3295524.5714285714}, {'step': 13, 'tokens_per_sec': 5162220.307692308}]",13,4,4,"[{'update_id': 1, 'policy_version': 1, 'loss': -2.7755575615628914e-17, 'avg_reward': 0.5833333333333334, 'batch_size': 4}, {'update_id': 2, 'policy_version': 2, 'loss': 0.0, 'avg_reward': 0.0, 'batch_size': 4}, {'update_id': 3, 'policy_version': 3, 'loss': 2.7755575615628914e-17, 'avg_reward': 0.6666666666666666, 'batch_size': 4}, {'update_id': 4, 'policy_version': 4, 'loss': 0.0, 'avg_reward': 0.3333333333333333, 'batch_size': 1}]",0.5015861988067627
0.5416666666666666,0.23042486264155462,0.38461538461538464,3398791.392269068,tiny_policy,"{'dataset': 'data/tiny_coding_train.jsonl', 'epochs': 2, 'seed': 2, 'backend': 'tiny_policy', 'hf_model_id': 'sshleifer/tiny-gpt2', 'max_new_tokens': 64, 'temperature': 1.0, 'top_p': 1.0, 'device': 'auto', 'lr': 0.1, 'update_batch_size': 4, 'dummy_sleep_sec': 0.01, 'reward_timeout_sec': 2.0, 'staleness_k': 2, 'queue_maxsize': 64, 'producer_delay_sec': 0.0, 'learner_delay_sec': 0.0}",data/tiny_coding_train.jsonl,0.4583333333333333,11,7.968020045887834,2,4,sshleifer/tiny-gpt2,0.0,0.1,64,2,0.9230769230769231,async_train,13,11,,24,0.3076923076923077,"[{'step': 1, 'pass_rate': 0.0}, {'step': 2, 'pass_rate': 0.0}, {'step': 3, 'pass_rate': 1.0}, {'step': 4, 'pass_rate': 1.0}, {'step': 5, 'pass_rate': 0.0}, {'step': 6, 'pass_rate': 0.0}, {'step': 7, 'pass_rate': 0.0}, {'step': 8, 'pass_rate': 1.0}, {'step': 9, 'pass_rate': 0.0}, {'step': 10, 'pass_rate': 0.0}, {'step': 11, 'pass_rate': 0.0}, {'step': 12, 'pass_rate': 1.0}, {'step': 13, 'pass_rate': 0.0}]",1.0,0.0,"[{'t_sec': 0.0015578269958496094, 'sample_queue_depth': 23, 'train_queue_depth': 0}, {'t_sec': 0.10168194770812988, 'sample_queue_depth': 21, 'train_queue_depth': 0}, {'t_sec': 0.20174789428710938, 'sample_queue_depth': 18, 'train_queue_depth': 0}, {'t_sec': 0.3018157482147217, 'sample_queue_depth': 16, 'train_queue_depth': 0}, {'t_sec': 0.40184760093688965, 'sample_queue_depth': 13, 'train_queue_depth': 0}, {'t_sec': 0.501915454864502, 'sample_queue_depth': 0, 'train_queue_depth': 0}]",64,0.1,"[{'step': 1, 'reward': 0.3333333333333333}, {'step': 2, 'reward': 0.3333333333333333}, {'step': 3, 'reward': 1.0}, {'step': 4, 'reward': 1.0}, {'step': 5, 'reward': 0.3333333333333333}, {'step': 6, 'reward': 0.0}, {'step': 7, 'reward': 0.0}, {'step': 8, 'reward': 1.0}, {'step': 9, 'reward': 0.0}, {'step': 10, 'reward': 0.0}, {'step': 11, 'reward': 0.0}, {'step': 12, 'reward': 1.0}, {'step': 13, 'reward': 0.0}]",9.960025057359791,1.25,2.0,012__mode-async_train__k-2__seed-2__ub-4__q-64__ep-2__b-tiny_policy__lr-0.1__pdelay-0.0__ldelay-0.0,2,2,"[{'step': 1, 'tokens_per_sec': 381300.36363636365}, {'step': 2, 'tokens_per_sec': 1491308.088888889}, {'step': 3, 'tokens_per_sec': 1797558.857142857}, {'step': 4, 'tokens_per_sec': 3407872.0}, {'step': 5, 'tokens_per_sec': 2883584.0}, {'step': 6, 'tokens_per_sec': 5427922.823529412}, {'step': 7, 'tokens_per_sec': 6291456.0}, {'step': 8, 'tokens_per_sec': 4543829.333333333}, {'step': 9, 'tokens_per_sec': 3295524.5714285714}, {'step': 10, 'tokens_per_sec': 3075822.933333333}, {'step': 11, 'tokens_per_sec': 3549026.4615384615}, {'step': 12, 'tokens_per_sec': 4194304.0}, {'step': 13, 'tokens_per_sec': 3844778.6666666665}]",13,4,4,"[{'update_id': 1, 'policy_version': 1, 'loss': 2.7755575615628914e-17, 'avg_reward': 0.6666666666666666, 'batch_size': 4}, {'update_id': 2, 'policy_version': 2, 'loss': 2.7755575615628914e-17, 'avg_reward': 0.3333333333333333, 'batch_size': 4}, {'update_id': 3, 'policy_version': 3, 'loss': 0.0, 'avg_reward': 0.25, 'batch_size': 4}, {'update_id': 4, 'policy_version': 4, 'loss': 0.0, 'avg_reward': 0.0, 'batch_size': 1}]",0.5020067691802979
0.875,0.3499437854403541,0.3333333333333333,4812691.461355691,tiny_policy,"{'dataset': 'data/tiny_coding_train.jsonl', 'epochs': 2, 'seed': 0, 'backend': 'tiny_policy', 'hf_model_id': 'sshleifer/tiny-gpt2', 'max_new_tokens': 64, 'temperature': 1.0, 'top_p': 1.0, 'device': 'auto', 'lr': 0.1, 'update_batch_size': 4, 'dummy_sleep_sec': 0.01, 'reward_timeout_sec': 2.0, 'staleness_k': 4, 'queue_maxsize': 64, 'producer_delay_sec': 0.0, 'learner_delay_sec': 0.0}",data/tiny_coding_train.jsonl,0.125,3,7.4749520819725745,2,6,sshleifer/tiny-gpt2,0.0,0.1,64,4,1.9047619047619047,async_train,21,3,,24,0.23809523809523808,"[{'step': 1, 'pass_rate': 0.0}, {'step': 2, 'pass_rate': 0.0}, {'step': 3, 'pass_rate': 0.0}, {'step': 4, 'pass_rate': 1.0}, {'step': 5, 'pass_rate': 0.0}, {'step': 6, 'pass_rate': 0.0}, {'step': 7, 'pass_rate': 0.0}, {'step': 8, 'pass_rate': 1.0}, {'step': 9, 'pass_rate': 0.0}, {'step': 10, 'pass_rate': 0.0}, {'step': 11, 'pass_rate': 0.0}, {'step': 12, 'pass_rate': 0.0}, {'step': 13, 'pass_rate': 1.0}, {'step': 14, 'pass_rate': 0.0}, {'step': 15, 'pass_rate': 0.0}, {'step': 16, 'pass_rate': 1.0}, {'step': 17, 'pass_rate': 0.0}, {'step': 18, 'pass_rate': 0.0}, {'step': 19, 'pass_rate': 0.0}, {'step': 20, 'pass_rate': 0.0}, {'step': 21, 'pass_rate': 1.0}]",0.8333333333333334,0.0,"[{'t_sec': 0.0016207695007324219, 'sample_queue_depth': 23, 'train_queue_depth': 0}, {'t_sec': 0.10174798965454102, 'sample_queue_depth': 21, 'train_queue_depth': 0}, {'t_sec': 0.20187854766845703, 'sample_queue_depth': 18, 'train_queue_depth': 0}, {'t_sec': 0.30199480056762695, 'sample_queue_depth': 15, 'train_queue_depth': 0}, {'t_sec': 0.4021306037902832, 'sample_queue_depth': 12, 'train_queue_depth': 0}, {'t_sec': 0.5022556781768799, 'sample_queue_depth': 9, 'train_queue_depth': 0}, {'t_sec': 0.6023690700531006, 'sample_queue_depth': 6, 'train_queue_depth': 0}, {'t_sec': 0.702444314956665, 'sample_queue_depth': 3, 'train_queue_depth': 0}, {'t_sec': 0.8025815486907959, 'sample_queue_depth': 0, 'train_queue_depth': 0}]",64,0.1,"[{'step': 1, 'reward': 0.3333333333333333}, {'step': 2, 'reward': 0.3333333333333333}, {'step': 3, 'reward': 0.0}, {'step': 4, 'reward': 1.0}, {'step': 5, 'reward': 0.0}, {'step': 6, 'reward': 0.0}, {'step': 7, 'reward': 0.0}, {'step': 8, 'reward': 1.0}, {'step': 9, 'reward': 0.0}, {'step': 10, 'reward': 0.0}, {'step': 11, 'reward': 0.6666666666666666}, {'step': 12, 'reward': 0.0}, {'step': 13, 'reward': 1.0}, {'step': 14, 'reward': 0.3333333333333333}, {'step': 15, 'reward': 0.0}, {'step': 16, 'reward': 1.0}, {'step': 17, 'reward': 0.3333333333333333}, {'step': 18, 'reward': 0.0}, {'step': 19, 'reward': 0.0}, {'step': 20, 'reward': 0.0}, {'step': 21, 'reward': 1.0}]",8.720777428968002,1.1666666666666667,2.0,013__mode-async_train__k-4__seed-0__ub-4__q-64__ep-2__b-tiny_policy__lr-0.1__pdelay-0.0__ldelay-0.0,0,4,"[{'step': 1, 'tokens_per_sec': 368730.021978022}, {'step': 2, 'tokens_per_sec': 1560671.2558139535}, {'step': 3, 'tokens_per_sec': 1774513.2307692308}, {'step': 4, 'tokens_per_sec': 3029219.5555555555}, {'step': 5, 'tokens_per_sec': 1973790.1176470588}, {'step': 6, 'tokens_per_sec': 3207408.9411764704}, {'step': 7, 'tokens_per_sec': 6291456.0}, {'step': 8, 'tokens_per_sec': 4194304.0}, {'step': 9, 'tokens_per_sec': 3295524.5714285714}, {'step': 10, 'tokens_per_sec': 3549026.4615384615}, {'step': 11, 'tokens_per_sec': 11684132.57142857}, {'step': 12, 'tokens_per_sec': 3075822.933333333}, {'step': 13, 'tokens_per_sec': 4194304.0}, {'step': 14, 'tokens_per_sec': 5162220.307692308}, {'step': 15, 'tokens_per_sec': 4613734.4}, {'step': 16, 'tokens_per_sec': 6815744.0}, {'step': 17, 'tokens_per_sec': 5126371.555555556}, {'step': 18, 'tokens_per_sec': 10252743.111111112}, {'step': 19, 'tokens_per_sec': 8711246.76923077}, {'step': 20, 'tokens_per_sec': 7549747.2}, {'step': 21, 'tokens_per_sec': 4635809.684210527}]",21,4,6,"[{'update_id': 1, 'policy_version': 1, 'loss': 2.7755575615628914e-17, 'avg_reward': 0.41666666666666663, 'batch_size': 4}, {'update_id': 2, 'policy_version': 2, 'loss': 0.0, 'avg_reward': 0.25, 'batch_size': 4}, {'update_id': 3, 'policy_version': 3, 'loss': 1.3877787807814457e-17, 'avg_reward': 0.16666666666666666, 'batch_size': 4}, {'update_id': 4, 'policy_version': 4, 'loss': -0.00872646910230547, 'avg_reward': 0.5833333333333334, 'batch_size': 4}, {'update_id': 5, 'policy_version': 5, 'loss': -0.0012269623174308332, 'avg_reward': 0.08333333333333333, 'batch_size': 4}, {'update_id': 6, 'policy_version': 6, 'loss': 0.0, 'avg_reward': 1.0, 'batch_size': 1}]",0.8026807308197021
0.875,0.3694719814118885,0.4444444444444445,5179152.648797865,tiny_policy,"{'dataset': 'data/tiny_coding_train.jsonl', 'epochs': 2, 'seed': 1, 'backend': 'tiny_policy', 'hf_model_id': 'sshleifer/tiny-gpt2', 'max_new_tokens': 64, 'temperature': 1.0, 'top_p': 1.0, 'device': 'auto', 'lr': 0.1, 'update_batch_size': 4, 'dummy_sleep_sec': 0.01, 'reward_timeout_sec': 2.0, 'staleness_k': 4, 'queue_maxsize': 64, 'producer_delay_sec': 0.0, 'learner_delay_sec': 0.0}",data/tiny_coding_train.jsonl,0.125,3,7.480982754617829,2,6,sshleifer/tiny-gpt2,0.0,0.1,64,4,1.9047619047619047,async_train,21,3,,24,0.38095238095238093,"[{'step': 1, 'pass_rate': 1.0}, {'step': 2, 'pass_rate': 0.0}, {'step': 3, 'pass_rate': 0.0}, {'step': 4, 'pass_rate': 1.0}, {'step': 5, 'pass_rate': 0.0}, {'step': 6, 'pass_rate': 0.0}, {'step': 7, 'pass_rate': 0.0}, {'step': 8, 'pass_rate': 0.0}, {'step': 9, 'pass_rate': 1.0}, {'step': 10, 'pass_rate': 1.0}, {'step': 11, 'pass_rate': 0.0}, {'step': 12, 'pass_rate': 0.0}, {'step': 13, 'pass_rate': 0.0}, {'step': 14, 'pass_rate': 1.0}, {'step': 15, 'pass_rate': 0.0}, {'step': 16, 'pass_rate': 0.0}, {'step': 17, 'pass_rate': 1.0}, {'step': 18, 'pass_rate': 0.0}, {'step': 19, 'pass_rate': 0.0}, {'step': 20, 'pass_rate': 1.0}, {'step': 21, 'pass_rate': 1.0}]",1.3333333333333333,0.0,"[{'t_sec': 0.0011534690856933594, 'sample_queue_depth': 23, 'train_queue_depth': 0}, {'t_sec': 0.10128164291381836, 'sample_queue_depth': 21, 'train_queue_depth': 0}, {'t_sec': 0.20140838623046875, 'sample_queue_depth': 18, 'train_queue_depth': 0}, {'t_sec': 0.3015432357788086, 'sample_queue_depth': 15, 'train_queue_depth': 0}, {'t_sec': 0.4016139507293701, 'sample_queue_depth': 13, 'train_queue_depth': 0}, {'t_sec': 0.5016839504241943, 'sample_queue_depth': 10, 'train_queue_depth': 0}, {'t_sec': 0.6017978191375732, 'sample_queue_depth': 8, 'train_queue_depth': 0}, {'t_sec': 0.7018730640411377, 'sample_queue_depth': 5, 'train_queue_depth': 0}, {'t_sec': 0.8019390106201172, 'sample_queue_depth': 0, 'train_queue_depth': 0}]",64,0.1,"[{'step': 1, 'reward': 1.0}, {'step': 2, 'reward': 0.3333333333333333}, {'step': 3, 'reward': 0.0}, {'step': 4, 'reward': 1.0}, {'step': 5, 'reward': 0.0}, {'step': 6, 'reward': 0.0}, {'step': 7, 'reward': 0.0}, {'step': 8, 'reward': 0.0}, {'step': 9, 'reward': 1.0}, {'step': 10, 'reward': 1.0}, {'step': 11, 'reward': 0.6666666666666666}, {'step': 12, 'reward': 0.0}, {'step': 13, 'reward': 0.3333333333333333}, {'step': 14, 'reward': 1.0}, {'step': 15, 'reward': 0.0}, {'step': 16, 'reward': 0.0}, {'step': 17, 'reward': 1.0}, {'step': 18, 'reward': 0.0}, {'step': 19, 'reward': 0.0}, {'step': 20, 'reward': 1.0}, {'step': 21, 'reward': 1.0}]",11.637084284961068,1.5555555555555556,2.0,014__mode-async_train__k-4__seed-1__ub-4__q-64__ep-2__b-tiny_policy__lr-0.1__pdelay-0.0__ldelay-0.0,1,4,"[{'step': 1, 'tokens_per_sec': 265157.1494252874}, {'step': 2, 'tokens_per_sec': 1427848.170212766}, {'step': 3, 'tokens_per_sec': 2796202.6666666665}, {'step': 4, 'tokens_per_sec': 3407872.0}, {'step': 5, 'tokens_per_sec': 2097152.0}, {'step': 6, 'tokens_per_sec': 3407872.0}, {'step': 7, 'tokens_per_sec': 3295524.5714285714}, {'step': 8, 'tokens_per_sec': 5392676.571428572}, {'step': 9, 'tokens_per_sec': 6291456.0}, {'step': 10, 'tokens_per_sec': 3844778.6666666665}, {'step': 11, 'tokens_per_sec': 11684132.57142857}, {'step': 12, 'tokens_per_sec': 3549026.4615384615}, {'step': 13, 'tokens_per_sec': 6100805.818181818}, {'step': 14, 'tokens_per_sec': 4613734.4}, {'step': 15, 'tokens_per_sec': 4613734.4}, {'step': 16, 'tokens_per_sec': 8388608.0}, {'step': 17, 'tokens_per_sec': 2796202.6666666665}, {'step': 18, 'tokens_per_sec': 11534336.0}, {'step': 19, 'tokens_per_sec': 11324620.8}, {'step': 20, 'tokens_per_sec': 6058439.111111111}, {'step': 21, 'tokens_per_sec': 5872025.6}]",21,4,6,"[{'update_id': 1, 'policy_version': 1, 'loss': -2.7755575615628914e-17, 'avg_reward': 0.5833333333333334, 'batch_size': 4}, {'update_id': 2, 'policy_version': 2, 'loss': 0.0, 'avg_reward': 0.0, 'batch_size': 4}, {'update_id': 3, 'policy_version': 3, 'loss': 2.7755575615628914e-17, 'avg_reward': 0.6666666666666666, 'batch_size': 4}, {'update_id': 4, 'policy_version': 4, 'loss': -0.0009618330083604326, 'avg_reward': 0.3333333333333333, 'batch_size': 4}, {'update_id': 5, 'policy_version': 5, 'loss': 0.0, 'avg_reward': 0.5, 'batch_size': 4}, {'update_id': 6, 'policy_version': 6, 'loss': 0.0, 'avg_reward': 1.0, 'batch_size': 1}]",0.8020336627960205
0.875,0.363328945069086,0.3492063492063492,4132156.1370603987,tiny_policy,"{'dataset': 'data/tiny_coding_train.jsonl', 'epochs': 2, 'seed': 2, 'backend': 'tiny_policy', 'hf_model_id': 'sshleifer/tiny-gpt2', 'max_new_tokens': 64, 'temperature': 1.0, 'top_p': 1.0, 'device': 'auto', 'lr': 0.1, 'update_batch_size': 4, 'dummy_sleep_sec': 0.01, 'reward_timeout_sec': 2.0, 'staleness_k': 4, 'queue_maxsize': 64, 'producer_delay_sec': 0.0, 'learner_delay_sec': 0.0}",data/tiny_coding_train.jsonl,0.125,3,7.481925787315719,2,6,sshleifer/tiny-gpt2,0.0,0.1,64,4,1.9047619047619047,async_train,21,3,,24,0.2857142857142857,"[{'step': 1, 'pass_rate': 0.0}, {'step': 2, 'pass_rate': 0.0}, {'step': 3, 'pass_rate': 1.0}, {'step': 4, 'pass_rate': 1.0}, {'step': 5, 'pass_rate': 0.0}, {'step': 6, 'pass_rate': 0.0}, {'step': 7, 'pass_rate': 0.0}, {'step': 8, 'pass_rate': 1.0}, {'step': 9, 'pass_rate': 0.0}, {'step': 10, 'pass_rate': 0.0}, {'step': 11, 'pass_rate': 0.0}, {'step': 12, 'pass_rate': 1.0}, {'step': 13, 'pass_rate': 0.0}, {'step': 14, 'pass_rate': 0.0}, {'step': 15, 'pass_rate': 0.0}, {'step': 16, 'pass_rate': 0.0}, {'step': 17, 'pass_rate': 0.0}, {'step': 18, 'pass_rate': 0.0}, {'step': 19, 'pass_rate': 0.0}, {'step': 20, 'pass_rate': 1.0}, {'step': 21, 'pass_rate': 1.0}]",1.0,0.0,"[{'t_sec': 0.0011665821075439453, 'sample_queue_depth': 23, 'train_queue_depth': 0}, {'t_sec': 0.10129618644714355, 'sample_queue_depth': 21, 'train_queue_depth': 0}, {'t_sec': 0.20136260986328125, 'sample_queue_depth': 18, 'train_queue_depth': 0}, {'t_sec': 0.3014240264892578, 'sample_queue_depth': 15, 'train_queue_depth': 0}, {'t_sec': 0.401486873626709, 'sample_queue_depth': 13, 'train_queue_depth': 0}, {'t_sec': 0.501549482345581, 'sample_queue_depth': 10, 'train_queue_depth': 0}, {'t_sec': 0.6016130447387695, 'sample_queue_depth': 7, 'train_queue_depth': 0}, {'t_sec': 0.7016763687133789, 'sample_queue_depth': 4, 'train_queue_depth': 0}, {'t_sec': 0.801809549331665, 'sample_queue_depth': 0, 'train_queue_depth': 0}]",64,0.1,"[{'step': 1, 'reward': 0.3333333333333333}, {'step': 2, 'reward': 0.3333333333333333}, {'step': 3, 'reward': 1.0}, {'step': 4, 'reward': 1.0}, {'step': 5, 'reward': 0.3333333333333333}, {'step': 6, 'reward': 0.0}, {'step': 7, 'reward': 0.0}, {'step': 8, 'reward': 1.0}, {'step': 9, 'reward': 0.0}, {'step': 10, 'reward': 0.0}, {'step': 11, 'reward': 0.0}, {'step': 12, 'reward': 1.0}, {'step': 13, 'reward': 0.0}, {'step': 14, 'reward': 0.0}, {'step': 15, 'reward': 0.0}, {'step': 16, 'reward': 0.0}, {'step': 17, 'reward': 0.3333333333333333}, {'step': 18, 'reward': 0.0}, {'step': 19, 'reward': 0.0}, {'step': 20, 'reward': 1.0}, {'step': 21, 'reward': 1.0}]",9.144575962274768,1.222222222222222,2.0,015__mode-async_train__k-4__seed-2__ub-4__q-64__ep-2__b-tiny_policy__lr-0.1__pdelay-0.0__ldelay-0.0,2,4,"[{'step': 1, 'tokens_per_sec': 377016.08988764044}, {'step': 2, 'tokens_per_sec': 1560671.2558139535}, {'step': 3, 'tokens_per_sec': 1797558.857142857}, {'step': 4, 'tokens_per_sec': 3407872.0}, {'step': 5, 'tokens_per_sec': 2563185.777777778}, {'step': 6, 'tokens_per_sec': 5767168.0}, {'step': 7, 'tokens_per_sec': 6661541.647058823}, {'step': 8, 'tokens_per_sec': 4543829.333333333}, {'step': 9, 'tokens_per_sec': 3549026.4615384615}, {'step': 10, 'tokens_per_sec': 3075822.933333333}, {'step': 11, 'tokens_per_sec': 3075822.933333333}, {'step': 12, 'tokens_per_sec': 3549026.4615384615}, {'step': 13, 'tokens_per_sec': 3844778.6666666665}, {'step': 14, 'tokens_per_sec': 4194304.0}, {'step': 15, 'tokens_per_sec': 5338205.090909091}, {'step': 16, 'tokens_per_sec': 7549747.2}, {'step': 17, 'tokens_per_sec': 4613734.4}, {'step': 18, 'tokens_per_sec': 5452595.2}, {'step': 19, 'tokens_per_sec': 4613734.4}, {'step': 20, 'tokens_per_sec': 6058439.111111111}, {'step': 21, 'tokens_per_sec': 5181199.05882353}]",21,4,6,"[{'update_id': 1, 'policy_version': 1, 'loss': 2.7755575615628914e-17, 'avg_reward': 0.6666666666666666, 'batch_size': 4}, {'update_id': 2, 'policy_version': 2, 'loss': 2.7755575615628914e-17, 'avg_reward': 0.3333333333333333, 'batch_size': 4}, {'update_id': 3, 'policy_version': 3, 'loss': 0.0, 'avg_reward': 0.25, 'batch_size': 4}, {'update_id': 4, 'policy_version': 4, 'loss': 0.0, 'avg_reward': 0.0, 'batch_size': 4}, {'update_id': 5, 'policy_version': 5, 'loss': -0.005493151047050476, 'avg_reward': 0.3333333333333333, 'batch_size': 4}, {'update_id': 6, 'policy_version': 6, 'loss': 0.0, 'avg_reward': 1.0, 'batch_size': 1}]",0.8019325733184814
